study,source,scan_id,crosscut,manual_code,manual_rep,groove_left_manual,groove_right_manual,type,comments
lapd-problematic-lands,/media/Raven/LAPD/FAU 10/Bullet A/LAPD - 10 - Bullet A - Land 3 - Sneox1 - 20x - auto light left image + 20% - threshold 2 - resolution 4 - Mya Fisher.x3p,LAPD-FAU10-BA-L3,100,yg,1,182.1088113,1938.385385,type3-damaged,bad
lapd-problematic-lands,/media/Raven/LAPD/FAU 10/Bullet A/LAPD - 10 - Bullet A - Land 4 - Sneox1 - 20x - auto light left image + 20% - threshold 2 - resolution 4 - Mya Fisher.x3p,LAPD-FAU10-BA-L4,100,yg,1,293.1039916,2027.829492,type2-tankrashed,bad
lapd-problematic-lands,/media/Raven/LAPD/FAU 10/Bullet B/LAPD - 10 - Bullet B - Land 3 - Sneox1 - 20x - auto light left image + 20% - threshold 2 - resolution 4 - Mya Fisher.x3p,LAPD-FAU10-BB-L3,450,yg,1,335.7134007,1873.08,type2-tankrashed,bad
lapd-problematic-lands,/media/Raven/LAPD/FAU 10/Bullet D/LAPD - 10 - Bullet D - Land 3 - Sneox1 - 20x - auto light left image + 20% - threshold 2 - resolution 4 - Mya Fisher.x3p,LAPD-FAU10-BD-L3,100,yg,1,271.5587407,1866.722653,type2-tankrashed,bad
lapd-problematic-lands,/media/Raven/LAPD/FAU 10/Bullet D/LAPD - 10 - Bullet D - Land 6 - Sneox1 - 20x - auto light left image + 20% - threshold 2 - resolution 4 - Mya Fisher.x3p,LAPD-FAU10-BD-L6,100,yg,1,251.0226343,1990.905901,type2-tankrashed,bad
lapd-problematic-lands,/media/Raven/LAPD/FAU 14/Bullet D/LAPD - 14 - Bullet D - Land 1 - Sneox1 - 20x - auto light left image + 20% - threshold 2 - resolution 4 - Mya Fisher.x3p,LAPD-FAU14-BD-L1,100,yg,1,161.8941999,1911.940459,type3-damaged,NA
lapd-problematic-lands,/media/Raven/LAPD/FAU 15/Bullet D/LAPD - 15 - Bullet D - Land 4 - Sneox1 - 20x - auto light left image + 20% - threshold 2 - resolution 4 - Mya Fisher.x3p,LAPD-FAU15-BD-L4,550,yg,1,204.2990418,1931.581851,type3-damaged,bad
lapd-problematic-lands,/media/Raven/LAPD/FAU 16/Bullet B/LAPD - 16 - Bullet B - Land 5 - Sneox2 - 20x - auto light left image + 20% - threshold 2 - resolution 4 - Connor Hergenreter.x3p,LAPD-FAU16-BB-L5,580,yg,1,263.0976339,2097.211032,type4-too many missing values,NA
lapd-problematic-lands,/media/Raven/LAPD/FAU 17/Bullet B/LAPD - 17 - Bullet B - Land 4 - Sneox2 - 20x - auto light left image + 20% - threshold 2 - resolution 4 - Connor Hergenreter.x3p,LAPD-FAU17-BB-L4,580,yg,1,96.97100237,2063.987449,type2-tankrashed,special
lapd-problematic-lands,/media/Raven/LAPD/FAU 3/Bullet A/LAPD - 3 - Bullet A - Land 6 - Sneox1 - 20x - auto light left image + 20% - threshold 2 - resolution 4 - Connor Hergenreter.x3p,LAPD-FAU3-BA-L6,100,yg,1,280.7735044,1973.974697,type3-damaged,NA
lapd-problematic-lands,/media/Raven/LAPD/FAU 4/Bullet C/LAPD - 4 - Bullet C - Land 4 - Sneox1 - 20x - auto light left image + 20% - threshold 2 - resolution 4 - Connor Hergenreter.x3p,LAPD-FAU4-BC-L4,150,yg,1,206.5318007,1907.406084,type2-tankrashed,bad
lapd-problematic-lands,/media/Raven/LAPD/FAU 4/Bullet C/LAPD - 4 - Bullet C - Land 5 - Sneox1 - 20x - auto light left image + 20% - threshold 2 - resolution 4 - Connor Hergenreter.x3p,LAPD-FAU4-BC-L5,160,yg,1,309.5462916,1991.264066,NA,nomark
lapd-problematic-lands,/media/Raven/LAPD/FAU 5/Bullet B/LAPD - 5 - Bullet B - Land 5 - Sneox1 - 20x - auto light left image + 20% - threshold 2 - resolution 4 - Connor Hergenreter.x3p,LAPD-FAU5-BB-L5,100,yg,1,293.7423879,1960.860792,type4-too many missing values,bad
lapd-problematic-lands,/media/Raven/LAPD/FAU 8/Bullet A/LAPD - 8 - Bullet A - Land 1 - Sneox1 - 20x - auto light left image + 20% - threshold 2 - resolution 4 - Connor Hergenreter.x3p,LAPD-FAU8-BA-L1,320,yg,1,215.2107329,2057.376983,NA,NA
lapd-problematic-lands,/media/Raven/LAPD/FAU 8/Bullet A/LAPD - 8 - Bullet A - Land 4 - Sneox1 - 20x - auto light left image + 20% - threshold 2 - resolution 4 - Connor Hergenreter.x3p,LAPD-FAU8-BA-L4,200,yg,1,310.5409224,1960.8,type2-tankrashed,NA
lapd-problematic-lands,/media/Raven/LAPD/FAU 37/Bullet B/LAPD - 37 - Bullet B - Land 6 - Sneox1 - 20x - auto light left image + 20% - threshold 2 - resolution 4 - Mya Fisher.x3p,LAPD-FAU37-BB-L6,230,yg,1,178.3642001,2025.356918,type3-damaged,NA
lapd-problematic-lands,/media/Raven/LAPD/FAU 43/Bullet B/LAPD - 43 - Bullet B - Land 1 - Sneox1 - 20x - auto light left image + 20% - threshold 2 - resolution 4 - Mya Fisher.x3p,LAPD-FAU43-BB-L1,100,yg,1,198.9254277,2003.595385,type2-tankrashed,bad
lapd-problematic-lands,/media/Raven/LAPD/FAU 43/Bullet B/LAPD - 43 - Bullet B - Land 4 - Sneox1 - 20x - auto light left image + 20% - threshold 2 - resolution 4 - Mya Fisher.x3p,LAPD-FAU43-BB-L4,100,yg,1,298.1060944,2105.745819,type2-tankrashed,bad
lapd-problematic-lands,/media/Raven/LAPD/FAU 43/Bullet C/LAPD - 43 - Bullet C - Land 3 - Sneox1 - 20x - auto light left image + 20% - threshold 2 - resolution 4 - Mya Fisher.x3p,LAPD-FAU43-BC-L3,530,yg,1,279.8596244,2094.991299,type4-too many missing values,bad
lapd-problematic-lands,/media/Raven/LAPD/FAU 43/Bullet C/LAPD - 43 - Bullet C - Land 4 - Sneox1 - 20x - auto light left image + 20% - threshold 2 - resolution 4 - Mya Fisher.x3p,LAPD-FAU43-BC-L4,100,yg,1,284.60625,2052.963386,type4-too many missing values,bad
lapd-problematic-lands,/media/Raven/LAPD/FAU 43/Bullet C/LAPD - 43 - Bullet C - Land 5 - Sneox1 - 20x - auto light left image + 20% - threshold 2 - resolution 4 - Mya Fisher.x3p,LAPD-FAU43-BC-L5,100,yg,1,469.0659879,1869.078525,type4-too many missing values,bad
lapd-problematic-lands,/media/Raven/LAPD/FAU 43/Bullet C/LAPD - 43 - Bullet C - Land 6 - Sneox1 - 20x - auto light left image + 20% - threshold 2 - resolution 4 - Mya Fisher.x3p,LAPD-FAU43-BC-L6,100,yg,1,273.4856469,1796.424944,type2-tankrashed,NA
lapd-problematic-lands,/media/Raven/LAPD/FAU 47/Bullet A/LAPD - 47 - Bullet A - Land 1 - Sneox2 - 20x - auto light left image + 20% - threshold 2 - resolution 4 - Connor Hergenreter.x3p,LAPD-FAU47-BA-L1,100,yg,1,219.1242418,2121.717869,type2-tankrashed,nomark
lapd-problematic-lands,/media/Raven/LAPD/FAU 47/Bullet A/LAPD - 47 - Bullet A - Land 2 - Sneox2 - 20x - auto light left image + 20% - threshold 2 - resolution 4 - Connor Hergenreter.x3p,LAPD-FAU47-BA-L2,100,yg,1,246.8892168,2158.702788,type2-tankrashed,nomark
lapd-problematic-lands,/media/Raven/LAPD/FAU 47/Bullet A/LAPD - 47 - Bullet A - Land 6 - Sneox2 - 20x - auto light left image + 20% - threshold 2 - resolution 4 - Connor Hergenreter.x3p,LAPD-FAU47-BA-L6,100,yg,1,251.2805609,2108.775514,type4-too many missing values,nomark
lapd-problematic-lands,/media/Raven/LAPD/FAU 47/Bullet B/LAPD - 47 - Bullet B - Land 2 - Sneox2 - 20x - auto light left image + 20% - threshold 2 - resolution 4 - Connor Hergenreter.x3p,LAPD-FAU47-BB-L2,170,yg,1,283.3196443,2106.985626,type2-tankrashed,NA
lapd-problematic-lands,/media/Raven/LAPD/FAU 47/Bullet B/LAPD - 47 - Bullet B - Land 5 - Sneox2 - 20x - auto light left image + 20% - threshold 2 - resolution 4 - Connor Hergenreter.x3p,LAPD-FAU47-BB-L5,100,yg,1,197.9540781,1768.348125,type3-damaged,nomark
lapd-problematic-lands,/media/Raven/LAPD/FAU 47/Bullet C/LAPD - 47 - Bullet C - Land 2 - Sneox2 - 20x - auto light left image + 20% - threshold 2 - resolution 4 - Connor Hergenreter.x3p,LAPD-FAU47-BC-L2,140,yg,1,240.2777781,2035.752421,type2-tankrashed,nomark
lapd-problematic-lands,/media/Raven/LAPD/FAU 47/Bullet C/LAPD - 47 - Bullet C - Land 3 - Sneox2 - 20x - auto light left image + 20% - threshold 2 - resolution 4 - Connor Hergenreter.x3p,LAPD-FAU47-BC-L3,100,yg,1,244.6109268,2159.181345,NA,NA
lapd-problematic-lands,/media/Raven/LAPD/FAU 47/Bullet C/LAPD - 47 - Bullet C - Land 4 - Sneox2 - 20x - auto light left image + 20% - threshold 2 - resolution 4 - Connor Hergenreter.x3p,LAPD-FAU47-BC-L4,100,yg,1,234.7326886,2094.095465,type2-tankrashed,NA
lapd-problematic-lands,/media/Raven/LAPD/FAU 104/Bullet A/LAPD - 104 - Bullet A - Land 3 - Sneox2 - 20x - auto light left image + 20% - threshold 2 - resolution 4 - Carley McConnell.x3p,LAPD-FAU104-BA-L3,430,yg,1,355.8294664,2127.491945,NA,NA
lapd-problematic-lands,/media/Raven/LAPD/FAU 106/Bullet B/LAPD - 106 - Bullet B - Land 6 - Sneox2 - 20x - auto light left image + 20% - threshold 2 - resolution 4 - Carley McConnell.x3p,LAPD-FAU106-BB-L6,570,yg,1,227.9065998,1924.68,type2-tankrashed,NA
lapd-problematic-lands,/media/Raven/LAPD/FAU 132/Bullet A/LAPD - 132 - Bullet A - Land 3 - Sneox2 - 20x - auto light left image + 20% - threshold 2 - resolution 4 - Carley McConnell.x3p,LAPD-FAU132-BA-L3,100,yg,1,293.63625,2193.416426,type2-tankrashed,NA
lapd-problematic-lands,/media/Raven/LAPD/FAU 132/Bullet C/LAPD - 132 - Bullet C - Land 3 - Sneox2 - 20x - auto light left image + 20% - threshold 2 - resolution 4 - Carley McConnell.x3p,LAPD-FAU132-BC-L3,100,yg,1,268.3031139,2155.599023,type2-tankrashed,NA
lapd-problematic-lands,/media/Raven/LAPD/FAU 132/Bullet C/LAPD - 132 - Bullet C - Land 4 - Sneox2 - 20x - auto light left image + 20% - threshold 2 - resolution 4 - Carley McConnell.x3p,LAPD-FAU132-BC-L4,100,yg,1,302.57435,2213.04525,type2-tankrashed,NA
lapd-problematic-lands,/media/Raven/LAPD/FAU 136/Bullet B/LAPD - 136 - Bullet B - Land 5 - Sneox2 - 20x - auto light left image + 20% - threshold 2 - resolution 4 - Carley McConnell.x3p,LAPD-FAU136-BB-L5,100,yg,1,272.6778412,2137.739425,NA,NA
lapd-problematic-lands,/media/Raven/LAPD/FAU 140/Bullet B/LAPD - 140 - Bullet B - Land 2 - Sneox2 - 20x - auto light left image + 20% - threshold 2 - resolution 4 - Connor Hergenreter.x3p,LAPD-FAU140-BB-L2,100,yg,1,284.0199098,2093.945355,type2-tankrashed,NA
lapd-problematic-lands,/media/Raven/LAPD/FAU 47/Bullet C/LAPD - 47 - Bullet C - Land 5 - Sneox2 - 20x - auto light left image + 20% - threshold 2 - resolution 4 - Connor Hergenreter.x3p,LAPD-FAU47-BC-L5,100,yg,1,286.8946505,2081.835402,NA,NA
lapd-problematic-lands,/media/Raven/LAPD/FAU 47/Bullet D/LAPD - 47 - Bullet D - Land 2 - Sneox2 - 20x - auto light left image + 20% - threshold 2 - resolution 4 - Carley McConnell.x3p,LAPD-FAU47-BD-L2,100,yg,1,201.4589378,2062.330432,type2-tankrashed,NA
lapd-problematic-lands,/media/Raven/LAPD/FAU 49/Bullet B/LAPD - 49 - Bullet B - Land 1 - Sneox2 - 20x - auto light left image + 20% - threshold 2 - resolution 4 - Connor Hergenreter.x3p,LAPD-FAU49-BB-L1,100,yg,1,209.9300037,1982.836639,NA,NA
lapd-problematic-lands,/media/Raven/LAPD/FAU 58/Bullet A/LAPD - 58 - Bullet A - Land 4 - Sneox2 - 20x - auto light left image + 20% - threshold 2 - resolution 4 - Connor Hergenreter.x3p,LAPD-FAU58-BA-L4,100,yg,1,335.2920759,2113.515373,NA,NA
lapd-problematic-lands,/media/Raven/LAPD/FAU 58/Bullet B/LAPD - 58 - Bullet B - Land 1 - Sneox2 - 20x - auto light left image + 20% - threshold 2 - resolution 4 - Connor Hergenreter.x3p,LAPD-FAU58-BB-L1,100,yg,1,357.975,1738.92,type2-tankrashed,nomark
lapd-problematic-lands,/media/Raven/LAPD/FAU 71/Bullet B/LAPD - 71 - Bullet B - Land 3 - Sneox1 - 20x - auto light left image + 20% - threshold 2 - resolution 4 - Mya Fisher.x3p,LAPD-FAU71-BB-L3,80,yg,1,228.0622462,1972.877647,type2-tankrashed,NA
lapd-problematic-lands,/media/Raven/LAPD/FAU 78/Bullet D/LAPD - 78 - Bullet D - Land 6 - Sneox2 - 20x - auto light left image + 20% - threshold 2 - resolution 4 - Carley McConnell.x3p,LAPD-FAU78-BD-L6,230,yg,1,356.7049145,2055.087708,NA,NA
lapd-problematic-lands,/media/Raven/LAPD/FAU 99/Bullet B/LAPD - 99 - Bullet B - Land 2 - Sneox1 - 20x - auto light left image + 20% - threshold 2 - resolution 4 - Connor Hergenreter.x3p,LAPD-FAU99-BB-L2,100,yg,1,288.7520047,2145.879113,NA,NA
lapd-problematic-lands,/media/Raven/LAPD/FAU 140/Bullet B/LAPD - 140 - Bullet B - Land 5 - Sneox2 - 20x - auto light left image + 20% - threshold 2 - resolution 4 - Connor Hergenreter.x3p,LAPD-FAU140-BB-L5,200,yg,1,396.83625,2014.17375,NA,NA
lapd-problematic-lands,/media/Raven/LAPD/FAU 142/Bullet A/LAPD - 142 - Bullet A - Land 5 - Sneox2 - 20x - auto light left image + 20% - threshold 2 - resolution 4 - Carley McConnell.x3p,LAPD-FAU142-BA-L5,100,yg,1,271.4531397,2114.770592,type2-tankrashed,NA
lapd-problematic-lands,/media/Raven/LAPD/FAU 144/Bullet A/LAPD - 144 - Bullet A - Land 6 - Sneox2 - 20x - auto light left image + 20% - threshold 2 - resolution 4 - Carley McConnell.x3p,LAPD-FAU144-BA-L6,100,yg,1,257.0077682,2077.661081,NA,NA
lapd-problematic-lands,/media/Raven/LAPD/FAU 145/Bullet B/LAPD - 145 - Bullet B - Land 1 - Sneox1 - 20x - auto light left image + 20% - threshold 2 - resolution 4 - Mya Fisher.x3p,LAPD-FAU145-BB-L1,100,yg,1,161.2644284,1970.645654,NA,NA
lapd-problematic-lands,/media/Raven/LAPD/FAU 151/Bullet C/LAPD - 151 - Bullet C - Land 6 - Sneox2 - 20x - auto light left image + 20% - threshold 2 - resolution 4 - Connor Hergenreter.x3p,LAPD-FAU151-BC-L6,150,yg,1,328.708125,1826.236875,type2-tankrashed,NA
lapd-problematic-lands,/media/Raven/LAPD/FAU 154/Bullet D/LAPD - 154 - Bullet D - Land 2 - Sneox2 - 20x - auto light left image + 20% - threshold 2 - resolution 4 - Carley McConnell.x3p,LAPD-FAU154-BD-L2,100,yg,1,312.34125,2106.059904,type4-too many missing values,bad
lapd-problematic-lands,/media/Raven/LAPD/FAU 156/Bullet A/LAPD - 156 - Bullet A - Land 4 - Sneox2 - 20x - auto light left image + 20% - threshold 2 - resolution 4 - Connor Hergenreter.x3p,LAPD-FAU156-BA-L4,100,yg,1,292.9926684,2046.744383,NA,NA
lapd-problematic-lands,/media/Raven/LAPD/FAU 156/Bullet D/LAPD - 156 - Bullet D - Land 6 - Sneox2 - 20x - auto light left image + 20% - threshold 2 - resolution 4 - Connor Hergenreter.x3p,LAPD-FAU156-BD-L6,100,yg,1,362.086875,1890.027744,type4-too many missing values,bad
lapd-problematic-lands,/media/Raven/LAPD/FAU 157/Bullet B/LAPD - 157 - Bullet B - Land 6 - Sneox2 - 20x - auto light left image + 20% - threshold 2 - resolution 4 - Connor Hergenreter.x3p,LAPD-FAU157-BB-L6,100,yg,1,333.2912858,2114.862523,type2-tankrashed,NA
lapd-problematic-lands,/media/Raven/LAPD/FAU 157/Bullet C/LAPD - 157 - Bullet C - Land 3 - Sneox2 - 20x - auto light left image + 20% - threshold 2 - resolution 4 - Connor Hergenreter.x3p,LAPD-FAU157-BC-L3,100,yg,1,292.6346579,2071.723939,type2-tankrashed,NA
lapd-problematic-lands,/media/Raven/LAPD/FAU 166/Bullet B/LAPD - 166 - Bullet B - Land 4 - Sneox2 - 20x - auto light left image + 20% - threshold 2 - resolution 4 - Connor Hergenreter.x3p,LAPD-FAU166-BB-L4,100,yg,1,262.8191039,2035.161658,type2-tankrashed,NA
lapd-problematic-lands,/media/Raven/LAPD/FAU 167/Bullet A/LAPD - 167 - Bullet A - Land 5 - Sneox2 - 20x - auto light left image + 20% - threshold 2 - resolution 4 - Connor Hergenreter.x3p,LAPD-FAU167-BA-L5,100,yg,1,218.0005974,2118.149609,type2-tankrashed,NA
lapd-problematic-lands,/media/Raven/LAPD/FAU 168/Bullet B/LAPD - 168 - Bullet B - Land 5 - Sneox1 - 20x - auto light left image + 20% - threshold 2 - resolution 4 - Mya Fisher.x3p,LAPD-FAU168-BB-L5,110,yg,1,193.1136079,1769.931381,NA,NA
lapd-problematic-lands,/media/Raven/LAPD/FAU 169/Bullet A/LAPD - 169 - Bullet A - Land 2 - Sneox2 - 20x - auto light left image + 20% - threshold 2 - resolution 4 - Connor Hergenreter.x3p,LAPD-FAU169-BA-L2,100,yg,1,275.3203795,2096.154833,type4-too many missing values,NA
lapd-problematic-lands,/media/Raven/LAPD/FAU 169/Bullet A/LAPD - 169 - Bullet A - Land 4 - Sneox2 - 20x - auto light left image + 20% - threshold 2 - resolution 4 - Connor Hergenreter.x3p,LAPD-FAU169-BA-L4,100,yg,1,325.2657439,2113.092719,type4-too many missing values,NA
lapd-problematic-lands,/media/Raven/LAPD/FAU 169/Bullet A/LAPD - 169 - Bullet A - Land 6 - Sneox2 - 20x - auto light left image + 20% - threshold 2 - resolution 4 - Connor Hergenreter.x3p,LAPD-FAU169-BA-L6,100,yg,1,305.4981673,2017.734256,type4-too many missing values,NA
lapd-problematic-lands,/media/Raven/LAPD/FAU 171/Bullet A/LAPD - 171 - Bullet A - Land 5 - Sneox1 - 20x - auto light left image + 20% - threshold 2 - resolution 4 - Mya Fisher.x3p,LAPD-FAU171-BA-L5,100,yg,1,121.0813508,1881.343574,NA,NA
lapd-problematic-lands,/media/Raven/LAPD/FAU 173/Bullet B/LAPD - 173 - Bullet B - Land 1 - Sneox1 - 20x - auto light left image + 20% - threshold 2 - resolution 4 - Mya Fisher.x3p,LAPD-FAU173-BB-L1,100,yg,1,390.4463159,1926.36173,NA,NA
lapd-problematic-lands,/media/Raven/LAPD/FAU 173/Bullet B/LAPD - 173 - Bullet B - Land 5 - Sneox1 - 20x - auto light left image + 20% - threshold 2 - resolution 4 - Mya Fisher.x3p,LAPD-FAU173-BB-L5,120,yg,1,156.7184658,1879.273284,NA,NA
lapd-problematic-lands,/media/Raven/LAPD/FAU 173/Bullet C/LAPD - 173 - Bullet C - Land 1 - Sneox2 - 20x - auto light left image + 20% - threshold 2 - resolution 4 - Connor Hergenreter.x3p,LAPD-FAU173-BC-L1,100,yg,1,206.8057863,1967.976716,type2-tankrashed,NA
lapd-problematic-lands,/media/Raven/LAPD/FAU 180/Bullet A/LAPD - 180 - Bullet A - Land 6 - Sneox2 - 20x - auto light left image + 20% - threshold 2 - resolution 4 - Connor Hergenreter.x3p,LAPD-FAU180-BA-L6,100,yg,1,253.1519997,1917.909756,type2-tankrashed,NA
lapd-problematic-lands,/media/Raven/LAPD/FAU 191/Bullet C/LAPD - 191 - Bullet C - Land 3 - Sneox2 - 20x - auto light left image + 20% - threshold 2 - resolution 4 - Connor Hergenreter.x3p,LAPD-FAU191-BC-L3,100,yg,1,332.5772912,2108.952057,type2-tankrashed,NA
lapd-problematic-lands,/media/Raven/LAPD/FAU 194/Bullet C/LAPD - 194 - Bullet C - Land 5 - Sneox2 - 20x - auto light left image + 20% - threshold 2 - resolution 4 - Connor Hergenreter.x3p,LAPD-FAU194-BC-L5,100,yg,1,170.4873393,2048.815599,NA,NA
lapd-problematic-lands,/media/Raven/LAPD/FAU 194/Bullet D/LAPD - 194 - Bullet D - Land 1 - Sneox2 - 20x - auto light left image + 20% - threshold 2 - resolution 4 - Connor Hergenreter.x3p,LAPD-FAU194-BD-L1,100,yg,1,233.486227,2097.78932,NA,NA
lapd-problematic-lands,/media/Raven/LAPD/FAU 201/Bullet C/LAPD - 201 - Bullet C - Land 2 - Sneox1 - 20x - auto light left image + 20% - threshold 2 - resolution 4 - Connor Hergenreter.x3p,LAPD-FAU201-BC-L2,250,yg,1,176.2144161,2061.618274,type3-damaged,bad
lapd-problematic-lands,/media/Raven/LAPD/FAU 201/Bullet D/LAPD - 201 - Bullet D - Land 6 - Sneox1 - 20x - auto light left image + 20% - threshold 2 - resolution 4 - Connor Hergenreter.x3p,LAPD-FAU201-BD-L6,200,yg,1,154.0384411,1967.081577,type4-too many missing values,bad
lapd-problematic-lands,/media/Raven/LAPD/FAU 204/Bullet C/LAPD - 204 - Bullet C - Land 3 - Sneox1 - 20x - auto light left image + 20% - threshold 2 - resolution 4 - Connor Hergenreter.x3p,LAPD-FAU204-BC-L3,400,yg,1,258.6612537,2049.548837,type4-too many missing values,NA
lapd-problematic-lands,/media/Raven/LAPD/FAU 205/Bullet C/LAPD - 205 - Bullet C - Land 1 - Sneox1 - 20x - auto light left image + 20% - threshold 2 - resolution 4 - Anyesha Ray.x3p,LAPD-FAU205-BC-L1,100,yg,1,233.6166091,2043.915722,type4-too many missing values,NA
lapd-problematic-lands,/media/Raven/LAPD/FAU 206/Bullet C/LAPD - 206 - Bullet C - Land 2 - Sneox1 - 20x - auto light left image + 20% - threshold 2 - resolution 4 - Anyesha Ray.x3p,LAPD-FAU206-BC-L2,250,yg,1,280.7351781,2133.517957,type2-tankrashed,NA
lapd-problematic-lands,/media/Raven/LAPD/FAU 207/Bullet B/LAPD - 207 - Bullet B - Land 2 - Sneox1 - 20x - auto light left image + 20% - threshold 2 - resolution 4 - Anyesha Ray.x3p,LAPD-FAU207-BB-L2,100,yg,1,300.8842941,2056.448308,type4-too many missing values,NA
lapd-problematic-lands,/media/Raven/LAPD/FAU 207/Bullet B/LAPD - 207 - Bullet B - Land 5 - Sneox1 - 20x - auto light left image + 20% - threshold 2 - resolution 4 - Anyesha Ray.x3p,LAPD-FAU207-BB-L5,120,yg,1,200.6186324,2029.134851,type4-too many missing values,NA
lapd-problematic-lands,/media/Raven/LAPD/FAU 207/Bullet C/LAPD - 207 - Bullet C - Land 3 - Sneox1 - 20x - auto light left image + 20% - threshold 2 - resolution 4 - Anyesha Ray.x3p,LAPD-FAU207-BC-L3,100,yg,1,264.2426323,2063.432461,type4-too many missing values,NA
lapd-problematic-lands,/media/Raven/LAPD/FAU 207/Bullet C/LAPD - 207 - Bullet C - Land 5 - Sneox1 - 20x - auto light left image + 20% - threshold 2 - resolution 4 - Anyesha Ray.x3p,LAPD-FAU207-BC-L5,100,yg,1,252.3716769,2116.207885,type4-too many missing values,NA
lapd-problematic-lands,/media/Raven/LAPD/FAU 207/Bullet C/LAPD - 207 - Bullet C - Land 6 - Sneox1 - 20x - auto light left image + 20% - threshold 2 - resolution 4 - Anyesha Ray.x3p,LAPD-FAU207-BC-L6,100,yg,1,285.8506383,2104.360338,type4-too many missing values,NA
lapd-problematic-lands,/media/Raven/LAPD/FAU 207/Bullet D/LAPD - 207 - Bullet D - Land 4 - Sneox1 - 20x - auto light left image + 20% - threshold 2 - resolution 4 - Anyesha Ray.x3p,LAPD-FAU207-BD-L4,100,yg,1,227.3286325,2028.201252,type4-too many missing values,NA
lapd-problematic-lands,/media/Raven/LAPD/FAU 208/Bullet A/LAPD - 208 - Bullet A - Land 2 - Sneox1 - 20x - auto light left image + 20% - threshold 2 - resolution 4 - Anyesha Ray.x3p,LAPD-FAU208-BA-L2,100,yg,1,286.4556159,2075.489981,type2-tankrashed,NA
lapd-problematic-lands,/media/Raven/LAPD/FAU 208/Bullet B/LAPD - 208 - Bullet B - Land 1 - Sneox1 - 20x - auto light left image + 20% - threshold 2 - resolution 4 - Anyesha Ray.x3p,LAPD-FAU208-BB-L1,100,yg,1,256.4651114,2032.704538,type2-tankrashed,bad
lapd-problematic-lands,/media/Raven/LAPD/FAU 209/Bullet B/LAPD - 209 - Bullet B - Land 4 - Sneox1 - 20x - auto light left image + 20% - threshold 2 - resolution 4 - Carley McConnell.x3p,LAPD-FAU209-BB-L4,100,yg,1,150.135914,2073.056698,type4-too many missing values,NA
lapd-problematic-lands,/media/Raven/LAPD/FAU 209/Bullet C/LAPD - 209 - Bullet C - Land 5 - Sneox1 - 20x - auto light left image + 20% - threshold 2 - resolution 4 - Carley McConnell.x3p,LAPD-FAU209-BC-L5,100,yg,1,117.7887041,2032.53757,type2-tankrashed,NA
lapd-problematic-lands,/media/Raven/LAPD/FAU 211/Bullet C/LAPD - 211 - Bullet C - Land 6 - Sneox1 - 20x - auto light left image + 20% - threshold 2 - resolution 4 - Connor Hergenreter.x3p,LAPD-FAU211-BC-L6,180,yg,1,283.6946682,2052.105895,type2-tankrashed,bad
lapd-problematic-lands,/media/Raven/LAPD/FAU 214/Bullet C/LAPD - 214 - Bullet C - Land 6 - Sneox1 - 20x - auto light left image + 20% - threshold 2 - resolution 4 - Connor Hergenreter.x3p,LAPD-FAU214-BC-L6,140,yg,1,234.7261981,2076.389668,type2-tankrashed,NA
lapd-problematic-lands,/media/Raven/LAPD/FAU 219/Bullet A/LAPD - 219 - Bullet A - Land 2 - Sneox2 - 20x - auto light left image + 20% - threshold 2 - resolution 4 - Anyesha Ray.x3p,LAPD-FAU219-BA-L2,500,yg,1,286.0443026,2114.199616,type3-damaged,NA
lapd-problematic-lands,/media/Raven/LAPD/FAU 219/Bullet B/LAPD - 219 - Bullet B - Land 1 - Sneox2 - 20x - auto light left image + 20% - threshold 2 - resolution 4 - Anyesha Ray.x3p,LAPD-FAU219-BB-L1,100,yg,1,342.9234262,1980.500172,type2-tankrashed,nomark
lapd-problematic-lands,/media/Raven/LAPD/FAU 219/Bullet B/LAPD - 219 - Bullet B - Land 3 - Sneox2 - 20x - auto light left image + 20% - threshold 2 - resolution 4 - Anyesha Ray.x3p,LAPD-FAU219-BB-L3,590,yg,1,285.9179146,2021.102974,NA,NA
lapd-problematic-lands,/media/Raven/LAPD/FAU 221/Bullet B/LAPD - 221 - Bullet B - Land 4 - Sneox1 - 20x - auto light left image + 20% - threshold 2 - resolution 4 - Mya Fisher.x3p,LAPD-FAU221-BB-L4,170,yg,1,266.2398674,2021.999372,type2-tankrashed,NA
lapd-problematic-lands,/media/Raven/LAPD/FAU 221/Bullet C/LAPD - 221 - Bullet C - Land 6 - Sneox1 - 20x - auto light left image + 20% - threshold 2 - resolution 4 - Mya Fisher.x3p,LAPD-FAU221-BC-L6,110,yg,1,236.2333695,1963.149123,type2-tankrashed,NA
lapd-problematic-lands,/media/Raven/LAPD/FAU 224/Bullet C/LAPD - 224 - Bullet C - Land 2 - Sneox2 - 20x - auto light left image + 20% - threshold 2 - resolution 4 - Carley McConnell.x3p,LAPD-FAU224-BC-L2,100,yg,1,220.9931304,1920.449318,type4-too many missing values,bad
lapd-problematic-lands,/media/Raven/LAPD/FAU 224/Bullet C/LAPD - 224 - Bullet C - Land 6 - Sneox2 - 20x - auto light left image + 20% - threshold 2 - resolution 4 - Carley McConnell.x3p,LAPD-FAU224-BC-L6,100,yg,1,274.3779131,2060.863029,type4-too many missing values,NA
lapd-problematic-lands,/media/Raven/LAPD/FAU 224/Bullet D/LAPD - 224 - Bullet D - Land 1 - Sneox1 - 20x - auto light left image + 20% - threshold 2 - resolution 4 - Mya Fisher.x3p,LAPD-FAU224-BD-L1,530,yg,1,172.1385876,1922.745,type3-damaged,NA
lapd-problematic-lands,/media/Raven/LAPD/FAU 224/Bullet D/LAPD - 224 - Bullet D - Land 4 - Sneox1 - 20x - auto light left image + 20% - threshold 2 - resolution 4 - Mya Fisher.x3p,LAPD-FAU224-BD-L4,400,yg,1,320.6491222,2107.119201,type2-tankrashed,NA
lapd-problematic-lands,/media/Raven/LAPD/FAU 229/Bullet A/LAPD - 229 - Bullet A - Land 5 - Sneox2 - 20x - auto light left image + 20% - threshold 2 - resolution 4 - Carley McConnell.x3p,LAPD-FAU229-BA-L5,150,yg,1,295.0310337,1970.141892,type2-tankrashed,NA
lapd-problematic-lands,/media/Raven/LAPD/FAU 229/Bullet C/LAPD - 229 - Bullet C - Land 4 - Sneox2 - 20x - auto light left image + 20% - threshold 2 - resolution 4 - Carley McConnell.x3p,LAPD-FAU229-BC-L4,100,yg,1,311.3614652,2163.491178,NA,NA
lapd-problematic-lands,/media/Raven/LAPD/FAU 230/Bullet A/LAPD - 230 - Bullet A - Land 4 - Sneox2 - 20x - auto light left image + 20% - threshold 2 - resolution 4 - Carley McConnell.x3p,LAPD-FAU230-BA-L4,100,yg,1,313.9303808,2093.323429,type4-too many missing values,bad
lapd-problematic-lands,/media/Raven/LAPD/FAU 233/Bullet D/LAPD - 233 - Bullet D - Land 5 - Sneox2 - 20x - auto light left image + 20% - threshold 2 - resolution 4 - Connor Hergenreter.x3p,LAPD-FAU233-BD-L5,100,yg,1,316.130625,1586.298297,type4-too many missing values,bad
lapd-problematic-lands,/media/Raven/LAPD/FAU 236/Bullet C/LAPD - 236 - Bullet C - Land 6 - Sneox2 - 20x - auto light left image + 20% - threshold 2 - resolution 4 - Anyesha Ray.x3p,LAPD-FAU236-BC-L6,100,yg,1,250.6997919,1827.12375,type4-too many missing values,NA
lapd-problematic-lands,/media/Raven/LAPD/FAU 240/Bullet C/LAPD - 240 - Bullet C - Land 4 - Sneox2 - 20x - auto light left image + 20% - threshold 2 - resolution 4 - Connor Hergenreter.x3p,LAPD-FAU240-BC-L4,190,yg,1,289.8610169,1989.379503,type2-tankrashed,NA
lapd-problematic-lands,/media/Raven/LAPD/FAU 240/Bullet D/LAPD - 240 - Bullet D - Land 1 - Sneox2 - 20x - auto light left image + 20% - threshold 2 - resolution 4 - Connor Hergenreter.x3p,LAPD-FAU240-BD-L1,120,yg,1,216.242803,1794.583164,type4-too many missing values,bad
lapd-problematic-lands,/media/Raven/LAPD/FAU 240/Bullet D/LAPD - 240 - Bullet D - Land 2 - Sneox2 - 20x - auto light left image + 20% - threshold 2 - resolution 4 - Connor Hergenreter.x3p,LAPD-FAU240-BD-L2,450,yg,1,188.0019346,2010.70787,type4-too many missing values,NA
lapd-problematic-lands,/media/Raven/LAPD/FAU 240/Bullet D/LAPD - 240 - Bullet D - Land 6 - Sneox2 - 20x - auto light left image + 20% - threshold 2 - resolution 4 - Connor Hergenreter.x3p,LAPD-FAU240-BD-L6,190,yg,1,220.7714397,1938.074519,type4-too many missing values,bad
lapd-problematic-lands,/media/Raven/LAPD/FAU 241/Bullet C/LAPD - 241 - Bullet C - Land 1 - Sneox2 - 20x - auto light left image + 20% - threshold 2 - resolution 4 - Connor Hergenreter.x3p,LAPD-FAU241-BC-L1,140,yg,1,295.573601,2165.241574,NA,NA
lapd-problematic-lands,/media/Raven/LAPD/FAU 241/Bullet C/LAPD - 241 - Bullet C - Land 6 - Sneox2 - 20x - auto light left image + 20% - threshold 2 - resolution 4 - Connor Hergenreter.x3p,LAPD-FAU241-BC-L6,130,yg,1,349.4047886,2151.102334,NA,NA
lapd-problematic-lands,/media/Raven/LAPD/FAU 242/Bullet D/LAPD - 242 - Bullet D - Land 1 - Sneox2 - 20x - auto light left image + 20% - threshold 2 - resolution 4 - Connor Hergenreter.x3p,LAPD-FAU242-BD-L1,100,yg,1,345.6827642,1872.59625,type4-too many missing values,bad
lapd-problematic-lands,/media/Raven/LAPD/FAU 244/Bullet A/LAPD - 244 - Bullet A - Land 2 - Sneox2 - 20x - auto light left image + 20% - threshold 2 - resolution 4 - Anyesha Ray.x3p,LAPD-FAU244-BA-L2,170,yg,1,278.5556546,1985.068822,type2-tankrashed,bad
lapd-problematic-lands,/media/Raven/LAPD/FAU 244/Bullet C/LAPD - 244 - Bullet C - Land 2 - Sneox2 - 20x - auto light left image + 20% - threshold 2 - resolution 4 - Anyesha Ray.x3p,LAPD-FAU244-BC-L2,100,yg,1,310.9888036,1938.118641,type4-too many missing values,bad
lapd-problematic-lands,/media/Raven/LAPD/FAU 244/Bullet C/LAPD - 244 - Bullet C - Land 3 - Sneox2 - 20x - auto light left image + 20% - threshold 2 - resolution 4 - Anyesha Ray.x3p,LAPD-FAU244-BC-L3,100,yg,1,280.494375,1746.740625,type4-too many missing values,bad
lapd-problematic-lands,/media/Raven/LAPD/FAU 248/Bullet D/LAPD - 248 - Bullet D - Land 2 - Sneox2 - 20x - auto light left image + 20% - threshold 2 - resolution 4 - Connor Hergenreter.x3p,LAPD-FAU248-BD-L2,140,yg,1,247.2717481,2031.473998,type2-tankrashed,NA
lapd-problematic-lands,/media/Raven/LAPD/FAU 251/Bullet B/LAPD - 251 - Bullet B - Land 2 - Sneox2 - 20x - auto light left image +20% - threshold 2 - resolution 4 - Connor Hergenreter.x3p,LAPD-FAU251-BB-L2,100,yg,1,525.8365578,1849.587852,type2-tankrashed,nomark
lapd-problematic-lands,/media/Raven/LAPD/FAU 251/Bullet B/LAPD - 251 - Bullet B - Land 4 - Sneox2 - 20x - auto light left image +20% - threshold 2 - resolution 4 - Connor Hergenreter.x3p,LAPD-FAU251-BB-L4,100,yg,1,210.7037866,1933.187713,type2-tankrashed,nomark
lapd-problematic-lands,/media/Raven/LAPD/FAU 251/Bullet B/LAPD - 251 - Bullet B - Land 6 - Sneox2 - 20x - auto light left image +20% - threshold 2 - resolution 4 - Connor Hergenreter.x3p,LAPD-FAU251-BB-L6,200,yg,1,403.850625,1911.699375,type2-tankrashed,NA
lapd-problematic-lands,/media/Raven/LAPD/FAU 253/Bullet A/LAPD - 253 - Bullet A - Land 6 - Sneox2 - 20x - auto light left image +20% - threshold 2 - resolution 4 - Connor Hergenreter.x3p,LAPD-FAU253-BA-L6,140,yg,1,188.7040465,2016.615893,type4-too many missing values,NA
lapd-problematic-lands,/media/Raven/LAPD/FAU 253/Bullet B/LAPD - 253 - Bullet B - Land 5 - Sneox2 - 20x - auto light left image +20% - threshold 2 - resolution 4 - Connor Hergenreter.x3p,LAPD-FAU253-BB-L5,160,yg,1,234.6964831,2085.090415,NA,NA
lapd-problematic-lands,/media/Raven/LAPD/FAU 253/Bullet C/LAPD - 253 - Bullet C - Land 1 - Sneox2 - 20x - auto light left image +20% - threshold 2 - resolution 4 - Connor Hergenreter.x3p,LAPD-FAU253-BC-L1,150,yg,1,212.4324579,1829.365299,type2-tankrashed,NA
lapd-problematic-lands,/media/Raven/LAPD/FAU 253/Bullet C/LAPD - 253 - Bullet C - Land 6 - Sneox2 - 20x - auto light left image +20% - threshold 2 - resolution 4 - Connor Hergenreter.x3p,LAPD-FAU253-BC-L6,200,yg,1,474.8910905,2086.936677,type2-tankrashed,NA
lapd-problematic-lands,/media/Raven/LAPD/FAU 253/Bullet D/LAPD - 253 - Bullet D - Land 5 - Sneox2 - 20x - auto light left image +20% - threshold 2 - resolution 4 - Connor Hergenreter.x3p,LAPD-FAU253-BD-L5,160,yg,1,306.9889528,2038.249887,NA,NA
lapd-problematic-lands,/media/Raven/LAPD/FAU 254/Bullet A/LAPD - 254 - Bullet A - Land 1 - Sneox2 - 20x - auto light left image +20% - threshold 2 - resolution 4 - Connor Hergenreter.x3p,LAPD-FAU254-BA-L1,140,yg,1,219.99317,2051.598563,type2-tankrashed,NA
lapd-problematic-lands,/media/Raven/LAPD/FAU 255/Bullet B/LAPD - 255 - Bullet B - Land 2 - Sneox2 - 20x - auto light left image +20% - threshold 2 - resolution 4 - Connor Hergenreter.x3p,LAPD-FAU255-BB-L2,100,yg,1,133.2107457,1984.780483,type2-tankrashed,NA
lapd-problematic-lands,/media/Raven/LAPD/FAU 255/Bullet B/LAPD - 255 - Bullet B - Land 3 - Sneox2 - 20x - auto light left image +20% - threshold 2 - resolution 4 - Connor Hergenreter.x3p,LAPD-FAU255-BB-L3,135,yg,1,194.8744247,1980.210947,type2-tankrashed,NA
lapd-problematic-lands,/media/Raven/LAPD/FAU 255/Bullet B/LAPD - 255 - Bullet B - Land 4 - Sneox2 - 20x - auto light left image +20% - threshold 2 - resolution 4 - Connor Hergenreter.x3p,LAPD-FAU255-BB-L4,600,yg,1,280.6010218,2154.253271,type4-too many missing values,NA
lapd-problematic-lands,/media/Raven/LAPD/FAU 255/Bullet C/LAPD - 255 - Bullet C - Land 3 - Sneox2 - 20x - auto light left image +20% - threshold 2 - resolution 4 - Connor Hergenreter.x3p,LAPD-FAU255-BC-L3,150,yg,1,216.9979604,1917.702277,type2-tankrashed,special
lapd-problematic-lands,/media/Raven/LAPD/FAU 255/Bullet C/LAPD - 255 - Bullet C - Land 4 - Sneox2 - 20x - auto light left image +20% - threshold 2 - resolution 4 - Connor Hergenreter.x3p,LAPD-FAU255-BC-L4,100,yg,1,300.0115841,2111.657646,type2-tankrashed,NA
lapd-problematic-lands,/media/Raven/LAPD/FAU 257/Bullet D/LAPD - 257 - Bullet D - Land 2 - Sneox2 - 20x - auto light left image + 20% - threshold 2 - resolution 4 - Anyesha Ray.x3p,LAPD-FAU257-BD-L2,100,yg,1,205.8398827,1959.989636,type4-too many missing values,bad
lapd-problematic-lands,/media/Raven/LAPD/FAU 258/Bullet B/LAPD - 258 - Bullet B - Land 1 - Sneox2 - 20x - auto light left image + 20% - threshold 2 - resolution 4 - Carley McConnell.x3p,LAPD-FAU258-BB-L1,100,yg,1,268.117392,2067.622297,type2-tankrashed,NA
lapd-problematic-lands,/media/Raven/LAPD/FAU 261/Bullet D/LAPD - 261 - Bullet D - Land 3 - Sneox2 - 20x - auto light left image + 20% - threshold 2 - resolution 4 - Connor Hergenreter.x3p,LAPD-FAU261-BD-L3,100,yg,1,308.9582723,2099.412627,type2-tankrashed,NA
lapd-problematic-lands,/media/Raven/LAPD/FAU 262/Bullet B/LAPD - 262 - Bullet B - Land 5 - Sneox2 - 20x - auto light left image + 20% - threshold 2 - resolution 4 - Connor Hergenreter.x3p,LAPD-FAU262-BB-L5,100,yg,1,243.0764798,1494.465,type2-tankrashed,bad
lapd-problematic-lands,/media/Raven/LAPD/FAU 263/Bullet A/LAPD - 263 - Bullet A - Land 1 - Sneox2 - 20x - auto light left image + 20% - threshold 2 - resolution 4 - Connor Hergenreter.x3p,LAPD-FAU263-BA-L1,600,yg,1,189.7835852,2003.194787,type3-damaged,NA
lapd-problematic-lands,/media/Raven/LAPD/FAU 263/Bullet C/LAPD - 263 - Bullet C - Land 1 - Sneox2 - 20x - auto light left image + 20% - threshold 2 - resolution 4 - Connor Hergenreter.x3p,LAPD-FAU263-BC-L1,140,yg,1,378.2463976,1913.235202,type2-tankrashed,NA
lapd-problematic-lands,/media/Raven/LAPD/FAU 263/Bullet D/LAPD - 263 - Bullet D - Land 1 - Sneox2 - 20x - auto light left image + 20% - threshold 2 - resolution 4 - Connor Hergenreter.x3p,LAPD-FAU263-BD-L1,100,yg,1,294.2659364,1529.722986,type2-tankrashed,bad
lapd-problematic-lands,/media/Raven/LAPD/FAU 266/Bullet A/LAPD - 266 - Bullet A - Land 1 - Sneox2 - 20x - auto light left image + 20% - threshold 2 - resolution 4 - Connor Hergenreter.x3p,LAPD-FAU266-BA-L1,550,yg,1,209.714019,2094.382461,type2-tankrashed,NA
lapd-problematic-lands,/media/Raven/LAPD/FAU 266/Bullet A/LAPD - 266 - Bullet A - Land 5 - Sneox2 - 20x - auto light left image + 20% - threshold 2 - resolution 4 - Connor Hergenreter.x3p,LAPD-FAU266-BA-L5,100,yg,1,464.158125,1548.151208,type3-damaged,bad
lapd-problematic-lands,/media/Raven/LAPD/FAU 266/Bullet D/LAPD - 266 - Bullet D - Land 2 - Sneox2 - 20x - auto light left image + 20% - threshold 2 - resolution 4 - Connor Hergenreter.x3p,LAPD-FAU266-BD-L2,150,yg,1,398.690625,1822.044375,type3-damaged,NA
lapd-problematic-lands,/media/Raven/LAPD/FAU 271/Bullet D/LAPD - 271 - Bullet D - Land 1 - Sneox2 - 20x - auto light left image + 20% - threshold 2 - resolution 4 - Carley McConnell.x3p,LAPD-FAU271-BD-L1,100,yg,1,237.8765955,1966.893331,type2-tankrashed,NA
lapd-problematic-lands,/media/Raven/LAPD/FAU 272/Bullet C/LAPD - 272 - Bullet C - Land 3 - Sneox2 - 20x - auto light left image + 20% - threshold 2 - resolution 4 - Connor Hergenreter.x3p,LAPD-FAU272-BC-L3,250,yg,1,142.3638445,1889.654972,type4-too many missing values,NA
lapd-problematic-lands,/media/Raven/LAPD/FAU 272/Bullet D/LAPD - 272 - Bullet D - Land 4 - Sneox2 - 20x - auto light left image + 20% - threshold 2 - resolution 4 - Connor Hergenreter.x3p,LAPD-FAU272-BD-L4,550,yg,1,194.35228,2043.067717,type2-tankrashed,NA
lapd-problematic-lands,/media/Raven/LAPD/FAU 275/Bullet A/LAPD - 275 - Bullet A - Land 1 - Sneox2 - 20x - auto light left image + 20% - threshold 2 - resolution 4 - Connor Hergenreter.x3p,LAPD-FAU275-BA-L1,550,yg,1,311.8637339,2161.048921,type2-tankrashed,NA
lapd-problematic-lands,/media/Raven/LAPD/FAU 275/Bullet B/LAPD - 275 - Bullet B - Land 2 - Sneox2 - 20x - auto light left image + 20% - threshold 2 - resolution 4 - Connor Hergenreter.x3p,LAPD-FAU275-BB-L2,550,yg,1,320.8480897,2170.967046,type2-tankrashed,NA
lapd-problematic-lands,/media/Raven/LAPD/FAU 275/Bullet C/LAPD - 275 - Bullet C - Land 2 - Sneox2 - 20x - auto light left image + 20% - threshold 2 - resolution 4 - Connor Hergenreter.x3p,LAPD-FAU275-BC-L2,100,yg,1,286.7593615,1607.50125,type2-tankrashed,NA
lapd-problematic-lands,/media/Raven/LAPD/FAU 276/Bullet C/LAPD - 276 - Bullet C - Land 1 - Sneox2 - 20x - auto light left image + 20% - threshold 2 - resolution 4 - Connor Hergenreter.x3p,LAPD-FAU276-BC-L1,550,yg,1,249.9661351,2074.362023,NA,NA
lapd-problematic-lands,/media/Raven/LAPD/FAU 276/Bullet D/LAPD - 276 - Bullet D - Land 2 - Sneox2 - 20x - auto light left image + 20% - threshold 2 - resolution 4 - Connor Hergenreter.x3p,LAPD-FAU276-BD-L2,100,yg,1,289.85925,1973.592442,type2-tankrashed,bad
lapd-problematic-lands,/media/Raven/LAPD/FAU 276/Bullet D/LAPD - 276 - Bullet D - Land 3 - Sneox2 - 20x - auto light left image + 20% & x10 - threshold 2 - resolution 4 - Connor Hergenreter.x3p,LAPD-FAU276-BD-L3,550,yg,1,309.3061125,2179.229011,type4-too many missing values,NA
lapd-problematic-lands,/media/Raven/LAPD/FAU 276/Bullet D/LAPD - 276 - Bullet D - Land 4 - Sneox2 - 20x - auto light left image + 20% & x10 - threshold 2 - resolution 4 - Connor Hergenreter.x3p,LAPD-FAU276-BD-L4,180,yg,1,323.2470563,2204.678812,type3-damaged,NA
lapd-problematic-lands,/media/Raven/LAPD/FAU 277/Bullet B/LAPD - 277 - Bullet B - Land 2 - Sneox2 - 20x - auto light left image + 20% - threshold 2 - resolution 4 - Connor Hergenreter.x3p,LAPD-FAU277-BB-L2,100,yg,1,286.7916112,933.718125,type4-too many missing values,bad
lapd-problematic-lands,/media/Raven/LAPD/FAU 277/Bullet C/LAPD - 277 - Bullet C - Land 4 - Sneox2 - 20x - auto light left image + 20% - threshold 2 - resolution 4 - Connor Hergenreter.x3p,LAPD-FAU277-BC-L4,100,yg,1,368.536875,1322.653125,type2-tankrashed,bad
lapd-problematic-lands,/media/Raven/LAPD/FAU 277/Bullet C/LAPD - 277 - Bullet C - Land 5 - Sneox2 - 20x - auto light left image + 20% & x10 - threshold 2 - resolution 4 - Connor Hergenreter.x3p,LAPD-FAU277-BC-L5,100,yg,1,340.8825,1720.5375,type2-tankrashed,nomark
lapd-problematic-lands,/media/Raven/LAPD/FAU 277/Bullet D/LAPD - 277 - Bullet D - Land 3 - Sneox2 - 20x - auto light left image + 20% - threshold 2 - resolution 4 - Connor Hergenreter.x3p,LAPD-FAU277-BD-L3,550,yg,1,325.644375,2066.784023,NA,NA
lapd-problematic-lands,/media/Raven/LAPD/FAU 278/Bullet D/LAPD - 278 - Bullet D - Land 4 - Sneox2 - 20x - auto light left image + 20%  - threshold 2 - resolution 4 - Anyesha Ray.x3p,LAPD-FAU278-BD-L4,100,yg,1,474.639375,1850.585625,type2-tankrashed,nomark
lapd-problematic-lands,/media/Raven/LAPD/FAU 280/Bullet A/LAPD - 280 - Bullet A - Land 2 - Sneox2 - 20x - auto light left image + 20%  - threshold 2 - resolution 4 - Anyesha Ray.x3p,LAPD-FAU280-BA-L2,100,yg,1,224.5793661,2068.043064,type2-tankrashed,bad
lapd-problematic-lands,/media/Raven/LAPD/FAU 285/Bullet D/LAPD - 285 - Bullet D - Land 3 - Sneox1 - 20x - auto light left image + 20% - threshold 2 - resolution 4 - Connor Hergenreter.x3p,LAPD-FAU285-BD-L3,110,yg,1,237.3941979,1953.968306,type2-tankrashed,NA
lapd-problematic-lands,/media/Raven/LAPD/FAU 288/Bullet D/LAPD - 288 - Bullet D - Land 5 - Sneox1 - 20x - auto light left image + 20% - threshold 2 - resolution 4 - Connor Hergenreter.x3p,LAPD-FAU288-BD-L5,100,yg,1,400.0557684,1969.064159,type3-damaged,nomark
lapd-problematic-lands,/media/Raven/LAPD/FAU 291/Bullet D/LAPD - 291 - Bullet D - Land 1 - Sneox1 - 20x - auto light left image + 20% - threshold 2 - resolution 4 - Anyesha Ray.x3p,LAPD-FAU291-BD-L1,600,yg,1,264.323877,2090.92243,type3-damaged,NA
lapd-problematic-lands,/media/Raven/LAPD/FAU 295/Bullet D/LAPD - 295 - Bullet D - Land 4 - Sneox1 - 20x - auto light left image + 20% - threshold 2 - resolution 4 - Connor Hergenreter.x3p,LAPD-FAU295-BD-L4,150,yg,1,317.581875,2059.811046,NA,NA
lapd-problematic-lands,/media/Raven/LAPD/FAU 299/Bullet B/LAPD - 299 - Bullet B - Land 1 - Sneox1 - 20x - auto light left image + 20% - threshold 2 - resolution 4 - Anyesha Ray.x3p,LAPD-FAU299-BB-L1,100,yg,1,154.8767717,1973.707276,type2-tankrashed,NA
lapd-problematic-lands,/media/Raven/LAPD/FAU 304/Bullet B/LAPD - 304 - Bullet B - Land 6 - Sneox2 - 20x - auto light left image +20% - threshold 2 - resolution 4 - Connor Hergenreter.x3p,LAPD-FAU304-BB-L6,150,yg,1,337.0711258,2007.677118,type3-damaged,NA
lapd-problematic-lands,/media/Raven/LAPD/FAU 305/Bullet A/LAPD - 305 - Bullet A - Land 2 - Sneox2 - 20x - auto light left image +20% - threshold 2 - resolution 4 - Connor Hergenreter.x3p,LAPD-FAU305-BA-L2,600,yg,1,294.0801703,2190.097068,type4-too many missing values,NA
lapd-problematic-lands,/media/Raven/LAPD/FAU 305/Bullet A/LAPD - 305 - Bullet A - Land 6 - Sneox2 - 20x - auto light left image +20% - threshold 2 - resolution 4 - Connor Hergenreter.x3p,LAPD-FAU305-BA-L6,600,yg,1,282.7747635,2093.3911,type3-damaged,NA
lapd-problematic-lands,/media/Raven/LAPD/FAU 305/Bullet D/LAPD - 305 - Bullet D - Land 2 - Sneox2 - 20x - auto light left image +20% - threshold 2 - resolution 4 - Connor Hergenreter.x3p,LAPD-FAU305-BD-L2,100,yg,1,373.455,1693.125,type4-too many missing values,bad
lapd-problematic-lands,/media/Raven/LAPD/FAU 310/Bullet A/LAPD - 310 - Bullet A - Land 2 - Sneox2 - 20x - auto light left image +20% - threshold 2 - resolution 4 - Connor Hergenreter.x3p,LAPD-FAU310-BA-L2,100,yg,1,369.2106949,1962.290155,type2-tankrashed,NA
lapd-problematic-lands,/media/Raven/LAPD/FAU 310/Bullet C/LAPD - 310 - Bullet C - Land 5 - Sneox2 - 20x - auto light left image +20% - threshold 2 - resolution 4 - Connor Hergenreter.x3p,LAPD-FAU310-BC-L5,100,yg,1,304.4202379,2111.698204,type3-damaged,NA
lapd-problematic-lands,/media/Raven/LAPD/FAU 310/Bullet D/LAPD - 310 - Bullet D - Land 6 - Sneox2 - 20x - auto light left image +20% - threshold 2 - resolution 4 - Connor Hergenreter.x3p,LAPD-FAU310-BD-L6,100,yg,1,384.016875,1834.783125,type2-tankrashed,bad
lapd-problematic-lands,/media/Raven/LAPD/FAU 311/Bullet D/LAPD - 311 - Bullet D - Land 5 - Sneox2 - 20x - auto light left image +20% - threshold 2 - resolution 4 - Connor Hergenreter.x3p,LAPD-FAU311-BD-L5,160,yg,1,280.6748648,2083.480904,type2-tankrashed,NA
lapd-problematic-lands,/media/Raven/LAPD/FAU 313/Bullet D/LAPD - 313 - Bullet D - Land 4 - Sneox2 - 20x - auto light left image +20% - threshold 2 - resolution 4 - Connor Hergenreter.x3p,LAPD-FAU313-BD-L4,160,yg,1,268.636023,2177.046138,type2-tankrashed,NA
lapd-problematic-lands,/media/Raven/LAPD/FAU 315/Bullet C/LAPD - 315 - Bullet C - Land 1 - Sneox2 - 20x - auto light left image +20% - threshold 2 - resolution 4 - Connor Hergenreter.x3p,LAPD-FAU315-BC-L1,100,yg,1,358.539375,1454.555625,type3-damaged,bad
lapd-problematic-lands,/media/Raven/LAPD/FAU 315/Bullet C/LAPD - 315 - Bullet C - Land 4 - Sneox2 - 20x - auto light left image +20% - threshold 2 - resolution 4 - Connor Hergenreter.x3p,LAPD-FAU315-BC-L4,120,yg,1,292.552413,2081.214416,type4-too many missing values,NA
lapd-problematic-lands,/media/Raven/LAPD/FAU 317/Bullet D/LAPD - 317 - Bullet D - Land 3 - Sneox2 - 20x - auto light left image +20% - threshold 2 - resolution 4 - Carley McConnell.x3p,LAPD-FAU317-BD-L3,100,yg,1,389.7825856,2116.07678,type3-damaged,NA
lapd-problematic-lands,/media/Raven/LAPD/FAU 320/Bullet D/LAPD - 320 - Bullet D - Land 3 - Sneox2 - 20x - auto light left image +20% - threshold 2 - resolution 4 - Connor Hergenreter.x3p,LAPD-FAU320-BD-L3,100,yg,1,380.469375,1415.855625,type2-tankrashed,bad
lapd-problematic-lands,/media/Raven/LAPD/FAU 323/Bullet A/LAPD - 323 - Bullet A - Land 5 - Sneox2 - 20x - auto light left image +20% - threshold 2 - resolution 4 - Connor Hergenreter.x3p,LAPD-FAU323-BA-L5,100,yg,1,435.375,1961.445,NA,bad
lapd-problematic-lands,/media/Raven/LAPD/FAU 326/Bullet A/LAPD - 326 - Bullet A - Land 4 - Sneox2 - 20x - auto light left image +20% - threshold 2 - resolution 4 - Connor Hergenreter.x3p,LAPD-FAU326-BA-L4,100,yg,1,359.42625,1709.08875,type2-tankrashed,bad
lapd-problematic-lands,/media/Raven/LAPD/FAU 326/Bullet A/LAPD - 326 - Bullet A - Land 5 - Sneox2 - 20x - auto light left image +20% - threshold 2 - resolution 4 - Connor Hergenreter.x3p,LAPD-FAU326-BA-L5,100,yg,1,412.31625,1924.51875,type3-damaged,bad
lapd-problematic-lands,/media/Raven/LAPD/FAU 326/Bullet A/LAPD - 326 - Bullet A - Land 6 - Sneox2 - 20x - auto light left image +20% - threshold 2 - resolution 4 - Connor Hergenreter.x3p,LAPD-FAU326-BA-L6,100,yg,1,433.359375,1722.230625,type2-tankrashed,bad
lapd-problematic-lands,/media/Raven/LAPD/FAU 326/Bullet B/LAPD - 326 - Bullet B - Land 2 - Sneox2 - 20x - auto light left image +20% - threshold 2 - resolution 4 - Carley McConnell.x3p,LAPD-FAU326-BB-L2,100,yg,1,406.83375,1833.89625,type3-damaged,bad
lapd-problematic-lands,/media/Raven/LAPD/FAU 326/Bullet C/LAPD - 326 - Bullet C - Land 1 - Sneox2 - 20x - auto light left image +20% & x10 - threshold 2 - resolution 4 - Carley McConnell.x3p,LAPD-FAU326-BC-L1,100,yg,1,429.08625,2028.36375,type2-tankrashed,bad
lapd-problematic-lands,/media/Raven/LAPD/FAU 326/Bullet D/LAPD - 326 - Bullet D - Land 5 - Sneox2 - 20x - auto light left image +20% - threshold 2 - resolution 4 - Carley McConnell.x3p,LAPD-FAU326-BD-L5,100,yg,1,477.380625,1961.364375,type2-tankrashed,bad
lapd-problematic-lands,/media/Raven/LAPD/FAU 326/Bullet D/LAPD - 326 - Bullet D - Land 6 - Sneox2 - 20x - auto light left image +20% & x10 - threshold 2 - resolution 4 - Carley McConnell.x3p,LAPD-FAU326-BD-L6,100,yg,1,447.226875,2066.338125,type2-tankrashed,bad
lapd-problematic-lands,/media/Raven/LAPD/FAU 333/Bullet B/LAPD - 333 - Bullet B - Land 3 - Sneox2 - 20x - auto light left image +20% - threshold 2 - resolution 4 - Connor Hergenreter.x3p,LAPD-FAU333-BB-L3,100,yg,1,428.844375,1588.715625,type4-too many missing values,bad
lapd-problematic-lands,/media/Raven/LAPD/FAU 335/Bullet A/LAPD - 335 - Bullet A - Land 1 - Sneox2 - 20x - auto light left image +20% - threshold 2 - resolution 4 - Connor Hergenreter.x3p,LAPD-FAU335-BA-L1,220,yg,1,283.6743023,2174.965064,type4-too many missing values,NA
lapd-problematic-lands,/media/Raven/LAPD/FAU 335/Bullet A/LAPD - 335 - Bullet A - Land 2 - Sneox2 - 20x - auto light left image +20% - threshold 2 - resolution 4 - Connor Hergenreter.x3p,LAPD-FAU335-BA-L2,130,yg,1,218.7452639,1947.462677,type3-damaged,NA
lapd-problematic-lands,/media/Raven/LAPD/FAU 335/Bullet B/LAPD - 335 - Bullet B - Land 2 - Sneox2 - 20x - auto light left image +20% - threshold 2 - resolution 4 - Connor Hergenreter.x3p,LAPD-FAU335-BB-L2,400,yg,1,306.5840624,2104.824368,type4-too many missing values,NA
lapd-problematic-lands,/media/Raven/LAPD/FAU 335/Bullet B/LAPD - 335 - Bullet B - Land 4 - Sneox2 - 20x - auto light left image +20% - threshold 2 - resolution 4 - Connor Hergenreter.x3p,LAPD-FAU335-BB-L4,200,yg,1,263.18542,2135.351801,type4-too many missing values,NA
lapd-problematic-lands,/media/Raven/LAPD/FAU 335/Bullet B/LAPD - 335 - Bullet B - Land 5 - Sneox2 - 20x - auto light left image +20% - threshold 2 - resolution 4 - Connor Hergenreter.x3p,LAPD-FAU335-BB-L5,570,yg,1,250.3459094,2107.922852,type4-too many missing values,NA
lapd-problematic-lands,/media/Raven/LAPD/FAU 335/Bullet B/LAPD - 335 - Bullet B - Land 6 - Sneox2 - 20x - auto light left image +20% - threshold 2 - resolution 4 - Connor Hergenreter.x3p,LAPD-FAU335-BB-L6,100,yg,1,297.6347,2083.707354,type4-too many missing values,NA
lapd-problematic-lands,/media/Raven/LAPD/FAU 335/Bullet C/LAPD - 335 - Bullet C - Land 5 - Sneox2 - 20x - auto light left image +20% & x10 - threshold 2 - resolution 4 - Connor Hergenreter.x3p,LAPD-FAU335-BC-L5,150,yg,1,270.6830462,2068.454318,NA,NA
lapd-problematic-lands,/media/Raven/LAPD/FAU 335/Bullet D/LAPD - 335 - Bullet D - Land 1 - Sneox2 - 20x - auto light left image +20% - threshold 2 - resolution 4 - Connor Hergenreter.x3p,LAPD-FAU335-BD-L1,270,yg,1,409.5376784,2168.920553,type4-too many missing values,NA
lapd-problematic-lands,/media/Raven/LAPD/FAU 335/Bullet D/LAPD - 335 - Bullet D - Land 3 - Sneox2 - 20x - auto light left image +20% - threshold 2 - resolution 4 - Connor Hergenreter.x3p,LAPD-FAU335-BD-L3,150,yg,1,273.9992065,2093.561546,type4-too many missing values,NA
lapd-problematic-lands,/media/Raven/LAPD/FAU 338/Bullet D/LAPD - 338 - Bullet D - Land 4 - Sneox2 - 20x - auto light left image +20% - threshold 2 - resolution 4 - Carley McConnell.x3p,LAPD-FAU338-BD-L4,100,yg,1,288.5775931,2018.899745,type2-tankrashed,NA
lapd-problematic-lands,/media/Raven/LAPD/FAU 342/Bullet D/LAPD - 342 - Bullet D - Land 3 - Sneox2 - 20x - auto light left image +20% - threshold 2 - resolution 4 - Connor Hergenreter.x3p,LAPD-FAU342-BD-L3,230,yg,1,267.4600111,2109.793733,type2-tankrashed,nomark
lapd-problematic-lands,/media/Raven/LAPD/FAU 346/Bullet B/LAPD - 346 - Bullet B - Land 3 - Sneox2 - 20x - auto light left image +20% - threshold 2 - resolution 4 - Carley McConnell.x3p,LAPD-FAU346-BB-L3,180,yg,1,310.0331157,2191.161253,type2-tankrashed,NA
lapd-problematic-lands,/media/Raven/LAPD/FAU 350/Bullet B/LAPD - 350 - Bullet B - Land 3 - Sneox2 - 20x - auto light left image +20% - threshold 2 - resolution 4 - Connor Hergenreter.x3p,LAPD-FAU350-BB-L3,160,yg,1,342.5601932,2086.418428,type2-tankrashed,NA
lapd-problematic-lands,/media/Raven/LAPD/FAU 352/Bullet A/LAPD - 352 - Bullet A - Land 2 - Sneox2 - 20x - auto light left image +20% - threshold 2 - resolution 4 - Connor Hergenreter.x3p,LAPD-FAU352-BA-L2,100,yg,1,261.3443621,1884.623831,type4-too many missing values,NA
lapd-problematic-lands,/media/Raven/LAPD/FAU 356/Bullet D/LAPD - 356 - Bullet D - Land 4 - Sneox2 - 20x - auto light left image +20% - threshold 2 - resolution 4 - Connor Hergenreter.x3p,LAPD-FAU356-BD-L4,100,yg,1,346.445625,1220.259375,type2-tankrashed,bad
lapd-problematic-lands,/media/Raven/LAPD/FAU 356/Bullet D/LAPD - 356 - Bullet D - Land 5 - Sneox2 - 20x - auto light left image +20% - threshold 2 - resolution 4 - Connor Hergenreter.x3p,LAPD-FAU356-BD-L5,150,yg,1,284.9114771,2045.460132,type2-tankrashed,NA
lapd-problematic-lands,/media/Raven/LAPD/FAU 358/Bullet D/LAPD - 358 - Bullet D - Land 2 - Sneox2 - 20x - auto light left image +20% - threshold 2 - resolution 4 - Connor Hergenreter.x3p,LAPD-FAU358-BD-L2,150,yg,1,260.0873366,2035.814049,type4-too many missing values,bad
lapd-problematic-lands,/media/Raven/LAPD/FAU 361/Bullet B/LAPD - 361 - Bullet B - Land 2 - Sneox2 - 20x - auto light left image +20% - threshold 2 - resolution 4 - Connor Hergenreter.x3p,LAPD-FAU361-BB-L2,500,yg,1,284.2333993,2079.96026,type2-tankrashed,NA
lapd-problematic-lands,/media/Raven/LAPD/FAU 363/Bullet A/LAPD - 363 - Bullet A - Land 5 - Sneox2 - 20x - auto light left image +20% & x10 - threshold 2 - resolution 4 - Connor Hergenreter.x3p,LAPD-FAU363-BA-L5,140,yg,1,297.3625744,2094.732125,type3-damaged,NA
lapd-problematic-lands,/media/Raven/LAPD/FAU 376/Bullet C/LAPD - 376 - Bullet C - Land 4 - Sneox2 - 20x - auto light left image +20% - threshold 2 - resolution 4 - Connor Hergenreter.x3p,LAPD-FAU376-BC-L4,160,yg,1,291.0122649,2124.652045,type2-tankrashed,NA
lapd-problematic-lands,/media/Raven/LAPD/FAU 379/Bullet A/LAPD - 379 - Bullet A - Land 2 - Sneox2 - 20x - auto light left image +20% - threshold 2 - resolution 4 - Connor Hergenreter.x3p,LAPD-FAU379-BA-L2,150,yg,1,299.3247248,2073.750318,type2-tankrashed,NA
lapd-problematic-lands,/media/Raven/LAPD/FAU 383/Bullet D/LAPD - 383 - Bullet D - Land 1 - Sneox2 - 20x - auto light left image +20% - threshold 2 - resolution 4 - Connor Hergenreter.x3p,LAPD-FAU383-BD-L1,550,yg,1,303.9140207,2151.833176,type4-too many missing values,NA
lapd-problematic-lands,/media/Raven/LAPD/FAU 385/Bullet B/LAPD - 385 - Bullet B - Land 1 - Sneox2 - 20x - auto light left image +20% - threshold 2 - resolution 4 - Connor Hergenreter.x3p,LAPD-FAU385-BB-L1,150,yg,1,290.1035938,2182.299482,NA,NA
lapd-problematic-lands,/media/Raven/LAPD/FAU 391/Bullet B/LAPD - 391 - Bullet B - Land 2 - Sneox2 - 20x - auto light left image +20% - threshold 2 - resolution 4 - Connor Hergenreter.x3p,LAPD-FAU391-BB-L2,150,yg,1,288.6326505,1991.201643,type2-tankrashed,NA
lapd-problematic-lands,/media/Raven/LAPD/FAU 391/Bullet D/LAPD - 391 - Bullet D - Land 6 - Sneox2 - 20x - auto light left image +20% - threshold 2 - resolution 4 - Connor Hergenreter.x3p,LAPD-FAU391-BD-L6,400,yg,1,237.1952841,2002.286758,type4-too many missing values,NA
lapd-problematic-lands,/media/Raven/LAPD/FAU 392/Bullet C/LAPD - 392 - Bullet C - Land 1 - Sneox2 - 20x - auto light left image +20% - threshold 2 - resolution 4 - Connor Hergenreter.x3p,LAPD-FAU392-BC-L1,100,yg,1,304.92375,1378.20375,type2-tankrashed,bad
lapd-problematic-lands,/media/Raven/LAPD/FAU 394/Bullet B/LAPD - 394 - Bullet B - Land 2 - Sneox2 - 20x - auto light left image +20% - threshold 2 - resolution 4 - Connor Hergenreter.x3p,LAPD-FAU394-BB-L2,200,yg,1,314.4403015,2220.018315,type4-too many missing values,NA
lapd-problematic-lands,/media/Raven/LAPD/FAU 394/Bullet B/LAPD - 394 - Bullet B - Land 6 - Sneox2 - 20x - auto light left image +20% - threshold 2 - resolution 4 - Connor Hergenreter.x3p,LAPD-FAU394-BB-L6,160,yg,1,212.8909918,1964.439938,type4-too many missing values,NA
lapd-problematic-lands,/media/Raven/LAPD/FAU 400/Bullet D/LAPD - 400 - Bullet D - Land 2 - Sneox2 - 20x - auto light left image +20% - threshold 2 - resolution 4 - Connor Hergenreter.x3p,LAPD-FAU400-BD-L2,150,yg,1,249.7947139,2052.600753,type3-damaged,NA
lapd-problematic-lands,/media/Raven/LAPD/FAU 400/Bullet D/LAPD - 400 - Bullet D - Land 3 - Sneox2 - 20x - auto light left image +20% - threshold 2 - resolution 4 - Connor Hergenreter.x3p,LAPD-FAU400-BD-L3,190,yg,1,231.1227991,2025.22702,type2-tankrashed,NA
lapd-problematic-lands,/media/Raven/LAPD/FAU 410/Bullet A/LAPD - 410 - Bullet A - Land 4 - Sneox1 - 20x - auto light left image +20% - threshold 2 - resolution 4 - Connor Hergenreter.x3p,LAPD-FAU410-BA-L4,500,yg,1,201.9014872,2099.780196,NA,NA
lapd-problematic-lands,/media/Raven/LAPD/FAU 418/Bullet A/LAPD - 418 - Bullet A - Land 2 - Sneox1 - 20x - auto light left image +20% - threshold 2 - resolution 4 - Anyesha Ray.x3p,LAPD-FAU418-BA-L2,500,yg,1,183.6711875,1993.812763,type4-too many missing values,NA
lapd-problematic-lands,/media/Raven/LAPD/FAU 418/Bullet A/LAPD - 418 - Bullet A - Land 6 - Sneox1 - 20x - auto light left image +20% - threshold 2 - resolution 4 - Anyesha Ray.x3p,LAPD-FAU418-BA-L6,100,yg,1,203.2962207,1950.400451,type2-tankrashed,bad
lapd-problematic-lands,/media/Raven/LAPD/FAU 419/Bullet C/LAPD - 419 - Bullet C - Land 5 - Sneox1 - 20x - auto light left image +20% - threshold 2 - resolution 4 - Anyesha Ray.x3p,LAPD-FAU419-BC-L5,600,yg,1,197.7037836,2056.09875,type4-too many missing values,NA
lapd-problematic-lands,/media/Raven/LAPD/FAU 421/Bullet B/LAPD - 421 - Bullet B - Land 1 - Sneox2 - 20x - auto light left image +20% - threshold 2 - resolution 4 - Anyesha Ray.x3p,LAPD-FAU421-BB-L1,100,yg,1,328.6045626,2029.84594,type2-tankrashed,NA
lapd-problematic-lands,/media/Raven/LAPD/FAU 421/Bullet B/LAPD - 421 - Bullet B - Land 2 - Sneox2 - 20x - auto light left image +20% - threshold 2 - resolution 4 - Anyesha Ray.x3p,LAPD-FAU421-BB-L2,100,yg,1,211.9186863,1939.471036,type2-tankrashed,NA
lapd-problematic-lands,/media/Raven/LAPD/FAU 425/Bullet C/LAPD - 425 - Bullet C - Land 3 - Sneox2 - 20x - auto light left image +20% - threshold 2 - resolution 4 - Connor Hergenreter.x3p,LAPD-FAU425-BC-L3,150,yg,1,265.7715971,1854.606128,type2-tankrashed,NA
lapd-problematic-lands,/media/Raven/LAPD/FAU 428/Bullet C/LAPD - 428 - Bullet C - Land 2 - Sneox2 - 20x - auto light left image +20% - threshold 2 - resolution 4 - Connor Hergenreter.x3p,LAPD-FAU428-BC-L2,150,yg,1,290.2171384,2107.258872,type2-tankrashed,NA
lapd-problematic-lands,/media/Raven/LAPD/FAU 436/Bullet B/LAPD - 436 - Bullet B - Land 5 - Sneox2 - 20x - auto light left image +20% & x10 - threshold 2 - resolution 4 - Carley McConnell.x3p,LAPD-FAU436-BB-L5,100,yg,1,312.0515732,2146.408866,type2-tankrashed,NA
lapd-problematic-lands,/media/Raven/LAPD/FAU 441/Bullet C/LAPD - 441 - Bullet C - Land 1 - Sneox2 - 20x - auto light left image +20% - threshold 2 - resolution 4 - Connor Hergenreter.x3p,LAPD-FAU441-BC-L1,160,yg,1,298.4784577,2001.57735,type2-tankrashed,NA
lapd-problematic-lands,/media/Raven/LAPD/FAU 441/Bullet C/LAPD - 441 - Bullet C - Land 2 - Sneox2 - 20x - auto light left image +20% - threshold 2 - resolution 4 - Connor Hergenreter.x3p,LAPD-FAU441-BC-L2,400,yg,1,299.7731846,2060.404905,type3-damaged,NA
lapd-problematic-lands,/media/Raven/LAPD/FAU 441/Bullet C/LAPD - 441 - Bullet C - Land 6 - Sneox2 - 20x - auto light left image +20% - threshold 2 - resolution 4 - Connor Hergenreter.x3p,LAPD-FAU441-BC-L6,400,yg,1,274.124734,2040.699375,type3-damaged,NA
lapd-problematic-lands,/media/Raven/LAPD/FAU 443/Bullet B/LAPD - 443 - Bullet B - Land 4 - Sneox2 - 20x - auto light left image +20% - threshold 2 - resolution 4 - Connor Hergenreter.x3p,LAPD-FAU443-BB-L4,200,yg,1,259.4028042,2031.288457,NA,NA
lapd-problematic-lands,/media/Raven/LAPD/FAU 443/Bullet C/LAPD - 443 - Bullet C - Land 2 - Sneox2 - 20x - auto light left image +20% - threshold 2 - resolution 4 - Connor Hergenreter.x3p,LAPD-FAU443-BC-L2,150,yg,1,224.0508901,2006.594696,type2-tankrashed,NA
lapd-problematic-lands,/media/Raven/LAPD/FAU 443/Bullet C/LAPD - 443 - Bullet C - Land 4 - Sneox2 - 20x - auto light left image +20% - threshold 2 - resolution 4 - Connor Hergenreter.x3p,LAPD-FAU443-BC-L4,150,yg,1,290.6789262,2086.077821,type2-tankrashed,NA
lapd-problematic-lands,/media/Raven/LAPD/FAU 443/Bullet D/LAPD - 443 - Bullet D - Land 3 - Sneox2 - 20x - auto light left image +20% - threshold 2 - resolution 4 - Connor Hergenreter.x3p,LAPD-FAU443-BD-L3,100,yg,1,284.3477625,1922.90196,type2-tankrashed,NA
lapd-problematic-lands,/media/Raven/LAPD/FAU 445/Bullet C/LAPD - 445 - Bullet C - Land 1 - Sneox2 - 20x - auto light left image +20% - threshold 2 - resolution 4 - Connor Hergenreter.x3p,LAPD-FAU445-BC-L1,120,yg,1,324.0489684,2053.329938,type4-too many missing values,NA
lapd-problematic-lands,/media/Raven/LAPD/FAU 449/Bullet B/LAPD - 449 - Bullet B - Land 6 - Sneox2 - 20x - auto light left image +20% - threshold 2 - resolution 4 - Connor Hergenreter.x3p,LAPD-FAU449-BB-L6,100,yg,1,473.188125,1802.371875,type2-tankrashed,bad
lapd-problematic-lands,/media/Raven/LAPD/FAU 452/Bullet A/LAPD - 452 - Bullet A - Land 4 - Sneox1 - 20x - auto light left image +20% & x10 - threshold 2 - resolution 4 - Connor Hergenreter.x3p,LAPD-FAU452-BA-L4,200,yg,1,327.7467565,2205.661121,type2-tankrashed,NA
lapd-problematic-lands,/media/Raven/LAPD/FAU 452/Bullet B/LAPD - 452 - Bullet B - Land 4 - Sneox2 - 20x - auto light left image +20% - threshold 2 - resolution 4 - Anyesha Ray.x3p,LAPD-FAU452-BB-L4,550,yg,1,113.9225082,2046.44809,type2-tankrashed,NA
lapd-problematic-lands,/media/Raven/LAPD/FAU 462/Bullet A/LAPD - 462 - Bullet A - Land 3 - Sneox1 - 20x - auto light left image +20% - threshold 2 - resolution 4 - Connor Hergenreter.x3p,LAPD-FAU462-BA-L3,330,yg,1,157.9760169,2029.848088,type3-damaged,NA
lapd-problematic-lands,/media/Raven/LAPD/FAU 462/Bullet A/LAPD - 462 - Bullet A - Land 6 - Sneox1 - 20x - auto light left image +20% - threshold 2 - resolution 4 - Connor Hergenreter.x3p,LAPD-FAU462-BA-L6,200,yg,1,267.0932786,2044.558636,type2-tankrashed,NA
lapd-problematic-lands,/media/Raven/LAPD/FAU 466/Bullet A/LAPD - 466 - Bullet A - Land 4 - Sneox2 - 20x - auto light left image +20% - threshold 2 - resolution 4 - Connor Hergenreter.x3p,LAPD-FAU466-BA-L4,100,yg,1,282.590625,1313.139375,type2-tankrashed,bad
lapd-problematic-lands,/media/Raven/LAPD/FAU 471/Bullet A/LAPD - 471 - Bullet A - Land 6 - Sneox2 - 20x - auto light left image +20% - threshold 2 - resolution 4 - Connor Hergenreter.x3p,LAPD-FAU471-BA-L6,100,yg,1,271.948125,895.501875,type2-tankrashed,nomark
lapd-problematic-lands,/media/Raven/LAPD/FAU 472/Bullet B/LAPD - 472 - Bullet B - Land 5 - Sneox1 - 20x - auto light left image +20% - threshold 2 - resolution 4 - Connor Hergenreter.x3p,LAPD-FAU472-BB-L5,250,yg,1,247.5947791,2060.067915,type2-tankrashed,NA
lapd-problematic-lands,/media/Raven/LAPD/FAU 472/Bullet B/LAPD - 472 - Bullet B - Land 6 - Sneox1 - 20x - auto light left image +20% - threshold 2 - resolution 4 - Connor Hergenreter.x3p,LAPD-FAU472-BB-L6,160,yg,1,213.4921333,2015.842745,type2-tankrashed,NA
lapd-problematic-lands,/media/Raven/LAPD/FAU 473/Bullet C/LAPD - 473 - Bullet C - Land 6 - Sneox2 - 20x - auto light left image +20% - threshold 2 - resolution 4 - Connor Hergenreter.x3p,LAPD-FAU473-BC-L6,100,yg,1,295.006875,924.688125,type3-damaged,bad
lapd-problematic-lands,/media/Raven/LAPD/FAU 479/Bullet D/LAPD - 479 - Bullet D - Land 3 - Sneox2 - 20x - auto light left image +20% - threshold 2 - resolution 4 - Connor Hergenreter.x3p,LAPD-FAU479-BD-L3,500,yg,1,98.62808341,2136.555089,type2-tankrashed,special
lapd-problematic-lands,/media/Raven/LAPD/FAU 480/Bullet A/LAPD - 480 - Bullet A - Land 4 - Sneox2 - 20x - auto light left image +20% - threshold 2 - resolution 4 - Connor Hergenreter.x3p,LAPD-FAU480-BA-L4,100,yg,1,228.6420727,2030.058914,type2-tankrashed,bad
lapd-problematic-lands,/media/Raven/LAPD/FAU 480/Bullet C/LAPD - 480 - Bullet C - Land 4 - Sneox2 - 20x - auto light left image +20% - threshold 2 - resolution 4 - Connor Hergenreter.x3p,LAPD-FAU480-BC-L4,100,yg,1,311.4688486,1807.196353,type2-tankrashed,special
lapd-problematic-lands,/media/Raven/LAPD/FAU 481/Bullet D/LAPD - 481 - Bullet D - Land 1 - Sneox2 - 20x - auto light left image +20% - threshold 2 - resolution 4 - Anyesha Ray.x3p,LAPD-FAU481-BD-L1,100,yg,1,296.296875,1586.7,type3-damaged,bad
lapd-problematic-lands,/media/Raven/LAPD/FAU 482/Bullet C/LAPD - 482 - Bullet C - Land 3 - Sneox2 - 20x - auto light left image +20% - threshold 2 - resolution 4 - Anyesha Ray.x3p,LAPD-FAU482-BC-L3,150,yg,1,320.5909213,2114.889916,type2-tankrashed,NA
lapd-problematic-lands,/media/Raven/LAPD/FAU 482/Bullet C/LAPD - 482 - Bullet C - Land 4 - Sneox2 - 20x - auto light left image +20% - threshold 2 - resolution 4 - Anyesha Ray.x3p,LAPD-FAU482-BC-L4,100,yg,1,214.4658177,1935.782532,type2-tankrashed,NA
lapd-problematic-lands,/media/Raven/LAPD/FAU 482/Bullet D/LAPD - 482 - Bullet D - Land 3 - Sneox1 - 20x - auto light left image +20% & x10 - threshold 2 - resolution 4 - Connor Hergenreter.x3p,LAPD-FAU482-BD-L3,160,yg,1,247.6056486,2007.932319,type3-damaged,NA
lapd-problematic-lands,/media/Raven/LAPD/FAU 486/Bullet B/LAPD - 486 - Bullet B - Land 2 - Sneox2 - 20x - auto light left image +20% - threshold 2 - resolution 4 - Connor Hergenreter.x3p,LAPD-FAU486-BB-L2,150,yg,1,211.547342,2062.136764,NA,special
lapd-problematic-lands,/media/Raven/LAPD/FAU 487/Bullet C/LAPD - 487 - Bullet C - Land 1 - Sneox2 - 20x - auto light left image +20% - threshold 2 - resolution 4 - Connor Hergenreter.x3p,LAPD-FAU487-BC-L1,130,yg,1,287.0289684,2056.457031,type2-tankrashed,NA
lapd-problematic-lands,/media/Raven/LAPD/FAU 488/Bullet A/LAPD - 488 - Bullet A - Land 4 - Sneox2 - 20x - auto light left image +20% - threshold 2 - resolution 4 - Connor Hergenreter.x3p,LAPD-FAU488-BA-L4,100,yg,1,317.904375,1180.430625,type2-tankrashed,bad
lapd-problematic-lands,/media/Raven/LAPD/FAU 493/Bullet A/LAPD - 493 - Bullet A - Land 1 - Sneox2 - 20x - auto light left image +20% - threshold 2 - resolution 4 - Connor Hergenreter.x3p,LAPD-FAU493-BA-L1,100,yg,1,361.845,1791.81,type2-tankrashed,bad
lapd-problematic-lands,/media/Raven/LAPD/FAU 498/Bullet A/LAPD - 498 - Bullet A - Land 4 - Sneox2 - 20x - auto light left image +20% - threshold 2 - resolution 4 - Connor Hergenreter.x3p,LAPD-FAU498-BA-L4,200,yg,1,391.3226603,2067.416698,type3-damaged,NA
lapd-problematic-lands,/media/Raven/LAPD/FAU 499/Bullet A/LAPD - 499 - Bullet A - Land 1 - Sneox2 - 20x - auto light left image +20% - threshold 2 - resolution 4 - Anyesha Ray.x3p,LAPD-FAU499-BA-L1,100,yg,1,174.7785781,1983.900453,type3-damaged,NA
lapd-problematic-lands,/media/Raven/LAPD/FAU 499/Bullet B/LAPD - 499 - Bullet B - Land 5 - Sneox2 - 20x - auto light left image +20% - threshold 2 - resolution 4 - Anyesha Ray.x3p,LAPD-FAU499-BB-L5,100,yg,1,230.955199,2036.442246,type3-damaged,NA
lapd-problematic-lands,/media/Raven/LAPD/FAU 500/Bullet D/LAPD - 500 - Bullet D - Land 2 - Sneox2 - 20x - auto light left image +20% - threshold 2 - resolution 4 - Connor Hergenreter.x3p,LAPD-FAU500-BD-L2,200,yg,1,259.7120664,2069.464093,type2-tankrashed,NA
lapd-problematic-lands,/media/Raven/LAPD/FAU 504/Bullet A/LAPD - 504 - Bullet A - Land 5 - Sneox1 - 20x - auto light left image +20% - threshold 2 - resolution 4 - Connor Hergenreter.x3p,LAPD-FAU504-BA-L5,250,yg,1,270.9019401,2024.841166,type2-tankrashed,NA
lapd-problematic-lands,/media/Raven/LAPD/FAU 508/Bullet C/LAPD - 508 - Bullet C - Land 3 - Sneox1 - 20x - auto light left image +20% - threshold 2 - resolution 4 - Carley McConnell.x3p,LAPD-FAU508-BC-L3,100,yg,1,234.7079478,2017.904819,type2-tankrashed,bad
lapd-problematic-lands,/media/Raven/LAPD/FAU 513/Bullet C/LAPD - 513 - Bullet C - Land 2 - Sneox1 - 20x - auto light left image +20% - threshold 2 - resolution 4 - Connor Hergenreter.x3p,LAPD-FAU513-BC-L2,100,yg,1,349.186875,1054.333125,type2-tankrashed,bad
lapd-problematic-lands,/media/Raven/LAPD/FAU 526/Bullet A/LAPD - 526 - Bullet A - Land 2 - Sneox1 - 20x - auto light left image +20% & x10 - threshold 2 - resolution 4 - Connor Hergenreter.x3p,LAPD-FAU526-BA-L2,150,yg,1,216.4247523,1952.076696,type4-too many missing values,NA
lapd-problematic-lands,/media/Raven/LAPD/FAU 528/Bullet B/LAPD - 528 - Bullet B - Land 6 - Sneox1 - 20x - auto light left image +20% & x10  - threshold 2 - resolution 4 - Anyesha Ray.x3p,LAPD-FAU528-BB-L6,550,yg,1,339.10875,1995.460562,type3-damaged,NA
lapd-problematic-lands,/media/Raven/LAPD/FAU 545/Bullet B/LAPD - 545 - Bullet B - Land 4 - Sneox1 - 20x - auto light left image +20% - threshold 2 - resolution 4 - Connor Hergenreter.x3p,LAPD-FAU545-BB-L4,100,yg,1,389.09625,1617.49875,type2-tankrashed,bad
lapd-problematic-lands,/media/Raven/LAPD/FAU 562/Bullet D/LAPD - 562 - Bullet D - Land 2 - Sneox1 - 20x - auto light left image +20% - threshold 2 - resolution 4 - Connor Hergenreter.x3p,LAPD-FAU562-BD-L2,400,yg,1,199.298997,1910.248125,type3-damaged,NA
lapd-problematic-lands,/media/Raven/LAPD/FAU 563/Bullet B/LAPD - 563 - Bullet B - Land 4 - Sneox1 - 20x - auto light left image +20% - threshold 2 - resolution 4 - Connor Hergenreter.x3p,LAPD-FAU563-BB-L4,200,yg,1,229.7827382,2074.874805,type2-tankrashed,NA
lapd-problematic-lands,/media/Raven/LAPD/FAU 563/Bullet D/LAPD - 563 - Bullet D - Land 1 - Sneox1 - 20x - auto light left image +20% - threshold 2 - resolution 4 - Connor Hergenreter.x3p,LAPD-FAU563-BD-L1,150,yg,1,211.2326679,2078.153754,type2-tankrashed,NA
lapd-problematic-lands,/media/Raven/LAPD/FAU 564/Bullet C/LAPD - 564 - Bullet C - Land 4 - Sneox1 - 20x - auto light left image +20% - threshold 2 - resolution 4 - Connor Hergenreter.x3p,LAPD-FAU564-BC-L4,140,yg,1,246.8285272,2080.947365,type2-tankrashed,NA
lapd-problematic-lands,/media/Raven/LAPD/FAU 566/Bullet A/LAPD - 566 - Bullet A - Land 5 - Sneox1 - 20x - auto light left image +20% - threshold 2 - resolution 4 - Connor Hergenreter.x3p,LAPD-FAU566-BA-L5,500,yg,1,310.1875442,2130.591995,NA,NA
lapd-problematic-lands,/media/Raven/LAPD/FAU 566/Bullet B/LAPD - 566 - Bullet B - Land 5 - Sneox1 - 20x - auto light left image +20% - threshold 2 - resolution 4 - Connor Hergenreter.x3p,LAPD-FAU566-BB-L5,400,yg,1,242.9384703,2132.576516,NA,NA
lapd-problematic-lands,/media/Raven/LAPD/FAU 566/Bullet C/LAPD - 566 - Bullet C - Land 2 - Sneox1 - 20x - auto light left image +20% - threshold 2 - resolution 4 - Connor Hergenreter.x3p,LAPD-FAU566-BC-L2,400,yg,1,212.2404898,2099.876373,NA,NA
lapd-problematic-lands,/media/Raven/LAPD/FAU 566/Bullet C/LAPD - 566 - Bullet C - Land 3 - Sneox1 - 20x - auto light left image +20% - threshold 2 - resolution 4 - Connor Hergenreter.x3p,LAPD-FAU566-BC-L3,200,yg,1,223.9606459,2057.538127,NA,NA
lapd-problematic-lands,/media/Raven/LAPD/FAU 567/Bullet D/LAPD - 567 - Bullet D - Land 1 - Sneox1 - 20x - auto light left image +20% - threshold 2 - resolution 4 - Connor Hergenreter.x3p,LAPD-FAU567-BD-L1,200,yg,1,212.8460309,2079.295935,NA,NA
lapd-problematic-lands,/media/Raven/LAPD/FAU 567/Bullet D/LAPD - 567 - Bullet D - Land 2 - Sneox1 - 20x - auto light left image +20% - threshold 2 - resolution 4 - Connor Hergenreter.x3p,LAPD-FAU567-BD-L2,200,yg,1,235.3018175,2139.504955,NA,NA
lapd-problematic-lands,/media/Raven/LAPD/FAU 570/Bullet A/LAPD - 570 - Bullet A - Land 3 - Sneox1 - 20x - auto light left image +20% - threshold 2 - resolution 4 - Connor Hergenreter.x3p,LAPD-FAU570-BA-L3,500,yg,1,256.1775021,2137.838404,type4-too many missing values,NA
lapd-problematic-lands,/media/Raven/LAPD/FAU 570/Bullet A/LAPD - 570 - Bullet A - Land 5 - Sneox1 - 20x - auto light left image +20% - threshold 2 - resolution 4 - Connor Hergenreter.x3p,LAPD-FAU570-BA-L5,500,yg,1,233.2464737,2051.180625,NA,NA
lapd-problematic-lands,/media/Raven/LAPD/FAU 570/Bullet B/LAPD - 570 - Bullet B - Land 2 - Sneox1 - 20x - auto light left image +20% - threshold 2 - resolution 4 - Connor Hergenreter.x3p,LAPD-FAU570-BB-L2,100,yg,1,300.57,1584.12,type3-damaged,bad
lapd-problematic-lands,/media/Raven/LAPD/FAU 572/Bullet A/LAPD - 572 - Bullet A - Land 1 - Sneox1 - 20x - auto light left image +20% - threshold 2 - resolution 4 - Connor Hergenreter.x3p,LAPD-FAU572-BA-L1,100,yg,1,216.7668539,2098.055393,type2-tankrashed,NA
lapd-problematic-lands,/media/Raven/LAPD/FAU 572/Bullet B/LAPD - 572 - Bullet B - Land 3 - Sneox1 - 20x - auto light left image +20% & x10 - threshold 2 - resolution 4 - Connor Hergenreter.x3p,LAPD-FAU572-BB-L3,140,yg,1,227.6050871,2151.491149,type2-tankrashed,NA
lapd-problematic-lands,/media/Raven/LAPD/FAU 573/Bullet D/LAPD - 573 - Bullet D - Land 2 - Sneox1 - 20x - auto light left image +20% - threshold 2 - resolution 4 - Connor Hergenreter.x3p,LAPD-FAU573-BD-L2,200,yg,1,223.2356038,2038.140551,type2-tankrashed,NA
lapd-problematic-lands,/media/Raven/LAPD/FAU 574/Bullet B/LAPD - 574 - Bullet B - Land 6 - Sneox1 - 20x - auto light left image +20% & x10 - threshold 2 - resolution 4 - Connor Hergenreter.x3p,LAPD-FAU574-BB-L6,130,yg,1,224.8932826,2163.919449,type2-tankrashed,NA
lapd-problematic-lands,/media/Raven/LAPD/FAU 575/Bullet B/LAPD - 575 - Bullet B - Land 6 - Sneox1 - 20x - auto light left image +20% - threshold 2 - resolution 4 - Connor Hergenreter.x3p,LAPD-FAU575-BB-L6,160,yg,1,211.4178369,2055.416447,type2-tankrashed,NA
lapd-problematic-lands,/media/Raven/LAPD/FAU 575/Bullet C/LAPD - 575 - Bullet C - Land 6 - Sneox1 - 20x - auto light left image +20% - threshold 2 - resolution 4 - Connor Hergenreter.x3p,LAPD-FAU575-BC-L6,550,yg,1,233.6886231,2114.324096,type2-tankrashed,NA
lapd-problematic-lands,/media/Raven/LAPD/FAU 576/Bullet C/LAPD - 576 - Bullet C - Land 1 - Sneox1 - 20x - auto light left image +20% - threshold 2 - resolution 4 - Connor Hergenreter.x3p,LAPD-FAU576-BC-L1,200,yg,1,247.6674069,2071.788319,NA,NA
lapd-problematic-lands,/media/Raven/LAPD/FAU 576/Bullet D/LAPD - 576 - Bullet D - Land 2 - Sneox1 - 20x - auto light left image +20% - threshold 2 - resolution 4 - Connor Hergenreter.x3p,LAPD-FAU576-BD-L2,200,yg,1,221.8014765,2092.681059,NA,NA
lapd-problematic-lands,/media/Raven/LAPD/FAU 578/Bullet A/LAPD - 578 - Bullet A - Land 4 - Sneox1 - 20x - auto light left image +20% - threshold 2 - resolution 4 - Connor Hergenreter.x3p,LAPD-FAU578-BA-L4,100,yg,1,393.691875,1892.833125,type2-tankrashed,bad
lapd-problematic-lands,/media/Raven/LAPD/FAU 578/Bullet A/LAPD - 578 - Bullet A - Land 5 - Sneox1 - 20x - auto light left image +20% - threshold 2 - resolution 4 - Connor Hergenreter.x3p,LAPD-FAU578-BA-L5,100,yg,1,243.9235935,1799.10374,type2-tankrashed,bad
lapd-problematic-lands,/media/Raven/LAPD/FAU 578/Bullet A/LAPD - 578 - Bullet A - Land 6 - Sneox1 - 20x - auto light left image +20% - threshold 2 - resolution 4 - Connor Hergenreter.x3p,LAPD-FAU578-BA-L6,150,yg,1,256.4640715,2102.464129,type2-tankrashed,NA
lapd-problematic-lands,/media/Raven/LAPD/FAU 578/Bullet B/LAPD - 578 - Bullet B - Land 3 - Sneox1 - 20x - auto light left image +20% - threshold 2 - resolution 4 - Connor Hergenreter.x3p,LAPD-FAU578-BB-L3,150,yg,1,222.7290563,2003.544958,type2-tankrashed,NA
lapd-problematic-lands,/media/Raven/LAPD/FAU 578/Bullet B/LAPD - 578 - Bullet B - Land 4 - Sneox1 - 20x - auto light left image +20% - threshold 2 - resolution 4 - Connor Hergenreter.x3p,LAPD-FAU578-BB-L4,100,yg,1,275.011875,1766.735391,type2-tankrashed,bad
lapd-problematic-lands,/media/Raven/LAPD/FAU 578/Bullet C/LAPD - 578 - Bullet C - Land 1 - Sneox1 - 20x - auto light left image +20% - threshold 2 - resolution 4 - Connor Hergenreter.x3p,LAPD-FAU578-BC-L1,100,yg,1,236.1174528,2033.804227,type2-tankrashed,bad
lapd-problematic-lands,/media/Raven/LAPD/FAU 578/Bullet C/LAPD - 578 - Bullet C - Land 4 - Sneox1 - 20x - auto light left image +20% - threshold 2 - resolution 4 - Connor Hergenreter.x3p,LAPD-FAU578-BC-L4,100,yg,1,304.5844281,2009.591677,type2-tankrashed,bad
lapd-problematic-lands,/media/Raven/LAPD/FAU 578/Bullet C/LAPD - 578 - Bullet C - Land 5 - Sneox1 - 20x - auto light left image +20% - threshold 2 - resolution 4 - Connor Hergenreter.x3p,LAPD-FAU578-BC-L5,130,yg,1,271.8938457,2018.815476,type2-tankrashed,NA
lapd-problematic-lands,/media/Raven/LAPD/FAU 578/Bullet D/LAPD - 578 - Bullet D - Land 5 - Sneox1 - 20x - auto light left image +20% - threshold 2 - resolution 4 - Connor Hergenreter.x3p,LAPD-FAU578-BD-L5,100,yg,1,357.0096919,2024.704097,type2-tankrashed,bad
lapd-problematic-lands,/media/Raven/LAPD/FAU 578/Bullet D/LAPD - 578 - Bullet D - Land 6 - Sneox1 - 20x - auto light left image +20% - threshold 2 - resolution 4 - Connor Hergenreter.x3p,LAPD-FAU578-BD-L6,100,yg,1,249.1683917,1907.300249,type2-tankrashed,bad
lapd-problematic-lands,/media/Raven/LAPD/FAU 579/Bullet D/LAPD - 579 - Bullet D - Land 6 - Sneox1 - 20x - auto light left image +20% - threshold 2 - resolution 4 - Connor Hergenreter.x3p,LAPD-FAU579-BD-L6,200,yg,1,239.9800705,2105.94304,type2-tankrashed,NA
lapd-problematic-lands,/media/Raven/LAPD/FAU 581/Bullet A/LAPD - 581 - Bullet A - Land 2 - Sneox1 - 20x - auto light left image +20% - threshold 2 - resolution 4 - Connor Hergenreter.x3p,LAPD-FAU581-BA-L2,170,yg,1,237.5746582,2110.986304,NA,NA
lapd-problematic-lands,/media/Raven/LAPD/FAU 581/Bullet B/LAPD - 581 - Bullet B - Land 4 - Sneox1 - 20x - auto light left image +20% & x10 - threshold 2 - resolution 4 - Allison Mark.x3p,LAPD-FAU581-BB-L4,100,yg,1,235.8829668,2003.07972,type2-tankrashed,NA
lapd-problematic-lands,/media/Raven/LAPD/FAU 581/Bullet B/LAPD - 581 - Bullet B - Land 5 - Sneox1 - 20x - auto light left image +20% & x10 - threshold 2 - resolution 4 - Allison Mark.x3p,LAPD-FAU581-BB-L5,150,yg,1,247.0846582,2047.175317,type2-tankrashed,NA
lapd-problematic-lands,/media/Raven/LAPD/FAU 583/Bullet C/LAPD - 583 - Bullet C - Land 3 - Sneox1 - 20x - auto light left image +20% - threshold 2 - resolution 4 - Connor Hergenreter.x3p,LAPD-FAU583-BC-L3,500,yg,1,252.5471764,2130.181553,NA,NA
lapd-problematic-lands,/media/Raven/LAPD/FAU 584/Bullet A/LAPD - 584 - Bullet A - Land 3 - Sneox1 - 20x - auto light left image +20% - threshold 2 - resolution 4 - Connor Hergenreter.x3p,LAPD-FAU584-BA-L3,140,yg,1,265.3726512,1924.54211,type4-too many missing values,NA
lapd-problematic-lands,/media/Raven/LAPD/FAU 584/Bullet A/LAPD - 584 - Bullet A - Land 6 - Sneox1 - 20x - auto light left image +20% - threshold 2 - resolution 4 - Connor Hergenreter.x3p,LAPD-FAU584-BA-L6,100,yg,1,299.521875,1476.163125,type2-tankrashed,bad
lapd-problematic-lands,/media/Raven/LAPD/FAU 585/Bullet A/LAPD - 585 - Bullet A - Land 2 - Sneox1 - 20x - auto light left image +20% - threshold 2 - resolution 4 - Connor Hergenreter.x3p,LAPD-FAU585-BA-L2,370,yg,1,237.0918175,2067.094621,NA,NA
lapd-problematic-lands,/media/Raven/LAPD/FAU 585/Bullet A/LAPD - 585 - Bullet A - Land 3 - Sneox1 - 20x - auto light left image +20% - threshold 2 - resolution 4 - Connor Hergenreter.x3p,LAPD-FAU585-BA-L3,270,yg,1,200.3758602,2040.949454,type2-tankrashed,NA
lapd-problematic-lands,/media/Raven/LAPD/FAU 585/Bullet D/LAPD - 585 - Bullet D - Land 5 - Sneox1 - 20x - auto light left image +20% - threshold 2 - resolution 4 - Connor Hergenreter.x3p,LAPD-FAU585-BD-L5,150,yg,1,249.1107346,1955.595259,NA,NA
lapd-problematic-lands,/media/Raven/LAPD/FAU 585/Bullet D/LAPD - 585 - Bullet D - Land 6 - Sneox1 - 20x - auto light left image +20% - threshold 2 - resolution 4 - Connor Hergenreter.x3p,LAPD-FAU585-BD-L6,100,yg,1,225.3361255,2027.378106,NA,NA
lapd-problematic-lands,/media/Raven/LAPD/FAU 587/Bullet B/LAPD - 587 - Bullet B - Land 3 - Sneox1 - 20x - auto light left image +20% - threshold 2 - resolution 4 - Connor Hergenreter.x3p,LAPD-FAU587-BB-L3,150,yg,1,215.5629886,2019.569896,NA,NA
lapd-problematic-lands,/media/Raven/LAPD/FAU 587/Bullet B/LAPD - 587 - Bullet B - Land 4 - Sneox1 - 20x - auto light left image +20% - threshold 2 - resolution 4 - Connor Hergenreter.x3p,LAPD-FAU587-BB-L4,190,yg,1,243.9824925,2104.464576,type2-tankrashed,NA
lapd-problematic-lands,/media/Raven/LAPD/FAU 587/Bullet C/LAPD - 587 - Bullet C - Land 1 - Sneox1 - 20x - auto light left image +20% - threshold 2 - resolution 4 - Connor Hergenreter.x3p,LAPD-FAU587-BC-L1,250,yg,1,236.0242764,2043.046602,type2-tankrashed,NA
lapd-problematic-lands,/media/Raven/LAPD/FAU 587/Bullet C/LAPD - 587 - Bullet C - Land 5 - Sneox1 - 20x - auto light left image +20% & x10 - threshold 2 - resolution 4 - Connor Hergenreter.x3p,LAPD-FAU587-BC-L5,100,yg,1,234.7560139,2055.577224,NA,NA
lapd-problematic-lands,/media/Raven/LAPD/FAU 587/Bullet D/LAPD - 587 - Bullet D - Land 2 - Sneox1 - 20x - auto light left image +20% - threshold 2 - resolution 4 - Connor Hergenreter.x3p,LAPD-FAU587-BD-L2,300,yg,1,218.1360505,2074.194185,NA,NA
lapd-problematic-lands,/media/Raven/LAPD/FAU 587/Bullet D/LAPD - 587 - Bullet D - Land 6 - Sneox1 - 20x - auto light left image +20% - threshold 2 - resolution 4 - Connor Hergenreter.x3p,LAPD-FAU587-BD-L6,200,yg,1,236.2393712,2136.146022,type2-tankrashed,NA
lapd-problematic-lands,/media/Raven/LAPD/FAU 590/Bullet C/LAPD - 590 - Bullet C - Land 1 - Sneox1 - 20x - auto light left image +20% - threshold 2 - resolution 4 - Connor Hergenreter.x3p,LAPD-FAU590-BC-L1,250,yg,1,234.4331136,2058.727318,NA,NA
lapd-problematic-lands,/media/Raven/LAPD/FAU 590/Bullet C/LAPD - 590 - Bullet C - Land 6 - Sneox1 - 20x - auto light left image +20% - threshold 2 - resolution 4 - Connor Hergenreter.x3p,LAPD-FAU590-BC-L6,200,yg,1,218.1477619,2035.304068,NA,NA
lapd-problematic-lands,/media/Raven/LAPD/FAU 594/Bullet A/LAPD - 594 - Bullet A - Land 4 - Sneox1 - 20x - auto light left image +20% & x10 - threshold 2 - resolution 4 - Connor Hergenreter.x3p,LAPD-FAU594-BA-L4,300,yg,1,243.1580805,2106.441474,NA,NA
lapd-problematic-lands,/media/Raven/LAPD/FAU 594/Bullet C/LAPD - 594 - Bullet C - Land 3 - Sneox1 - 20x - auto light left image +20% - threshold 2 - resolution 4 - Connor Hergenreter.x3p,LAPD-FAU594-BC-L3,100,yg,1,214.6675291,782.22375,NA,nomark
lapd-problematic-lands,/media/Raven/LAPD/FAU 594/Bullet C/LAPD - 594 - Bullet C - Land 4 - Sneox1 - 20x - auto light left image +20% - threshold 2 - resolution 4 - Connor Hergenreter.x3p,LAPD-FAU594-BC-L4,220,yg,1,221.5713096,2113.132034,NA,NA
lapd-problematic-lands,/media/Raven/LAPD/FAU 595/Bullet A/LAPD - 595 - Bullet A - Land 6 - Sneox1 - 20x - auto light left image +20% - threshold 2 - resolution 4 - Connor Hergenreter.x3p,LAPD-FAU595-BA-L6,100,yg,1,293.475,1315.155,NA,nomark
lapd-problematic-lands,/media/Raven/LAPD/FAU 595/Bullet C/LAPD - 595 - Bullet C - Land 1 - Sneox1 - 20x - auto light left image +20% - threshold 2 - resolution 4 - Connor Hergenreter.x3p,LAPD-FAU595-BC-L1,300,yg,1,285.6893755,2136.717755,NA,NA
lapd-problematic-lands,/media/Raven/LAPD/FAU 595/Bullet C/LAPD - 595 - Bullet C - Land 2 - Sneox1 - 20x - auto light left image +20% - threshold 2 - resolution 4 - Connor Hergenreter.x3p,LAPD-FAU595-BC-L2,190,yg,1,210.8514098,2106.622691,NA,NA
lapd-problematic-lands,/media/Raven/LAPD/FAU 597/Bullet D/LAPD - 597 - Bullet D - Land 6 - Sneox1 - 20x - auto light left image +20% - threshold 2 - resolution 4 - Connor Hergenreter.x3p,LAPD-FAU597-BD-L6,400,yg,1,265.9678704,2041.213376,NA,NA
lapd-problematic-lands,/media/Raven/LAPD/FAU 598/Bullet A/LAPD - 598 - Bullet A - Land 3 - Sneox1 - 20x - auto light left image +20% - threshold 2 - resolution 4 - Connor Hergenreter.x3p,LAPD-FAU598-BA-L3,250,yg,1,181.5920238,2043.214109,NA,NA
lapd-problematic-lands,/media/Raven/LAPD/FAU 601/Bullet A/LAPD - 601 - Bullet A - Land 6 - Sneox1 - 20x - auto light multilevel +20 perc. & x10 - threshold 2 - reolution 4 - Allison Mark.x3p,LAPD-FAU601-BA-L6,100,yg,1,203.9578762,2040.448375,NA,NA
lapd-problematic-lands,/media/Raven/LAPD/FAU 602/Bullet A/LAPD - FAU 602 - Bullet A - Land 3 - Sneox1 - 20x - multilevel autolight +20 perc. & x10 - threshold 2 - resolution 4 - Allison Mark.x3p,LAPD-FAU602-BA-L3,250,yg,1,303.2118538,2147.79407,type2-tankrashed,NA
lapd-problematic-lands,/media/Raven/LAPD/FAU 602/Bullet A/LAPD - FAU 602 - Bullet A - Land 4 - Sneox1 - 20x - multilevel autolight +20 perc. & x10 - threshold 2 - resolution 4 - Allison Mark.x3p,LAPD-FAU602-BA-L4,500,yg,1,240.5286512,2161.416481,type2-tankrashed,NA
lapd-problematic-lands,/media/Raven/LAPD/FAU 603/Bullet A/LAPD - FAU 603 - Bullet A - Land 4 - Sneox1 - 20x - multilevel autolight +20 perc. & x10 - threshold 2 - resolution 4 - Marco Yepez.x3p,LAPD-FAU603-BA-L4,500,yg,1,99.42708211,1980.4725,NA,NA
lapd-problematic-lands,/media/Raven/LAPD/FAU 605/Bullet B/LAPD - FAU 605 - Bullet B - Land 3 - Sneox1 - 20x - auto light left image +20 perc. & x10 - threshold 2 - resolution 4 - Allison Mark.x3p,LAPD-FAU605-BB-L3,190,yg,1,157.2929203,2119.031034,NA,NA
lapd-problematic-lands,/media/Raven/LAPD/FAU 609/Bullet C/LAPD - FAU 609 - Bullet C - Land 5 - Sneox2 - 20x - autolight left image + 20 perc. - Threshold 2 - Resolution 4 - Connor Hergenreter.x3p,LAPD-FAU609-BC-L5,100,yg,1,172.7512465,2028.80222,type3-damaged,NA
lapd-problematic-lands,/media/Raven/LAPD/FAU 611/Bullet C/LAPD - FAU 611 - Bullet C - Land 5 - Sneox2 - 20x - autolight left image + 20 perc. x10 - Threshold 2 - Resolution 4 - Marco Yepez.x3p,LAPD-FAU611-BC-L5,100,yg,1,310.4276933,2132.138276,type2-tankrashed,NA
lapd-problematic-lands,/media/Raven/LAPD/FAU 611/Bullet D/LAPD - FAU 611 - Bullet D - Land 1 - Sneox2 - 20x - autolight left image + 20 perc. - Threshold 2 - Resolution 4 - Marco Yepez.x3p,LAPD-FAU611-BD-L1,300,yg,1,182.9774568,2045.458123,NA,NA
lapd-problematic-lands,/media/Raven/LAPD/FAU 616/Bullet D/LAPD - FAU 616 - Bullet D - Land 5 - Sneox2 - 20x - autolight left image + 20 perc. - Threshold 2 - Resolution 4 - Connor Hergenreter.x3p,LAPD-FAU616-BD-L5,165,yg,1,282.106875,2126.18073,type3-damaged,NA
lapd-problematic-lands,/media/Raven/LAPD/FAU 626/Bullet C/LAPD - FAU 626 - Bullet C - Land 2 - Sneox2 - 20x - auto light left image +20 perc. - Threshold 2 - Resolution 4 - Connor Hergenreter.x3p,LAPD-FAU626-BC-L2,100,yg,1,241.8012329,2304.91938,NA,NA
lapd-problematic-lands,/media/Raven/LAPD/FAU 602/Bullet B/LAPD - FAU602 - Bullet B - Land 5 - Sneox1 - 20x - autolight leftimage - +20 perc. - threshold 2 - resolution 4 - Marco Yepez.x3p,LAPD-FAU602-BB-L5,100,yg,1,276.2963776,2229.20163,NA,NA
